customer_id,first_name,last_name,country,join_date
1,First1,Last1,France,2023-09-28
2,First2,Last2,UK,2023-07-17
3,First3,Last3,Nigeria,2023-05-05
4,First4,Last4,Canada,2023-01-04
5,First5,Last5,USA,2023-01-24
6,First6,Last6,UK,2023-10-22
7,First7,Last7,France,2023-05-15
8,First8,Last8,USA,2023-06-15
9,First9,Last9,USA,2023-11-13
10,First10,Last10,Nigeria,2023-09-07
11,First11,Last11,USA,2023-04-11
12,First12,Last12,UK,2023-05-17
13,First13,Last13,Germany,2023-05-27
14,First14,Last14,Canada,2023-05-16
15,First15,Last15,Germany,2023-06-09
16,First16,Last16,Canada,2023-07-10
17,First17,Last17,Germany,2023-03-03
18,First18,Last18,Canada,2023-06-24
19,First19,Last19,Nigeria,2023-12-06
20,First20,Last20,Canada,2023-05-04
21,First21,Last21,Canada,2023-11-30
22,First22,Last22,Canada,2023-09-05
23,First23,Last23,Germany,2023-04-02
24,First24,Last24,Canada,2023-03-09
25,First25,Last25,UK,2023-09-21
26,First26,Last26,Nigeria,2023-01-02
27,First27,Last27,Nigeria,2023-08-16
28,First28,Last28,France,2023-12-15
29,First29,Last29,Nigeria,2023-10-26
30,First30,Last30,Canada,2023-12-01
31,First31,Last31,Germany,2023-10-05
32,First32,Last32,UK,2023-03-15
33,First33,Last33,Nigeria,2023-03-09
34,First34,Last34,UK,2023-05-11
35,First35,Last35,Germany,2023-04-25
36,First36,Last36,France,2023-01-30
37,First37,Last37,USA,2023-08-05
38,First38,Last38,France,2023-05-23
39,First39,Last39,Germany,2023-07-18
40,First40,Last40,France,2023-02-07
41,First41,Last41,France,2023-06-27
42,First42,Last42,UK,2023-08-20
43,First43,Last43,UK,2023-12-16
44,First44,Last44,USA,2023-10-31
45,First45,Last45,USA,2023-04-22
46,First46,Last46,Canada,2023-01-08
47,First47,Last47,Canada,2023-06-13
48,First48,Last48,UK,2023-04-09
49,First49,Last49,Nigeria,2023-04-25
50,First50,Last50,USA,2023-12-25
51,First51,Last51,Germany,2023-11-28
52,First52,Last52,Germany,2023-07-04
53,First53,Last53,Nigeria,2023-11-26
54,First54,Last54,Germany,2023-06-02
55,First55,Last55,Germany,2023-01-19
56,First56,Last56,Nigeria,2023-07-03
57,First57,Last57,Nigeria,2023-03-14
58,First58,Last58,Nigeria,2023-04-17
59,First59,Last59,USA,2023-03-03
60,First60,Last60,France,2023-03-10
61,First61,Last61,Germany,2023-05-22
62,First62,Last62,Canada,2023-11-02
63,First63,Last63,Nigeria,2023-12-20
64,First64,Last64,USA,2023-08-20
65,First65,Last65,Germany,2023-09-26
66,First66,Last66,Germany,2023-05-09
67,First67,Last67,UK,2023-03-13
68,First68,Last68,France,2023-07-27
69,First69,Last69,UK,2023-03-22
70,First70,Last70,France,2023-03-06
71,First71,Last71,Germany,2023-01-31
72,First72,Last72,UK,2023-07-22
73,First73,Last73,Nigeria,2023-12-18
74,First74,Last74,Nigeria,2023-03-10
75,First75,Last75,USA,2023-04-22
76,First76,Last76,UK,2023-01-20
77,First77,Last77,USA,2023-05-31
78,First78,Last78,Nigeria,2023-07-13
79,First79,Last79,Canada,2023-11-10
80,First80,Last80,Germany,2023-11-26
81,First81,Last81,Germany,2023-11-16
82,First82,Last82,Canada,2023-04-09
83,First83,Last83,Germany,2023-09-26
84,First84,Last84,UK,2023-04-12
85,First85,Last85,Nigeria,2023-01-20
86,First86,Last86,Canada,2023-05-08
87,First87,Last87,Germany,2023-07-19
88,First88,Last88,Canada,2023-02-28
89,First89,Last89,Nigeria,2023-04-18
90,First90,Last90,Nigeria,2023-06-06
91,First91,Last91,Nigeria,2023-05-24
92,First92,Last92,Nigeria,2023-06-20
93,First93,Last93,Nigeria,2023-09-16
94,First94,Last94,UK,2023-04-19
95,First95,Last95,Nigeria,2023-05-09
96,First96,Last96,USA,2023-06-08
97,First97,Last97,France,2023-08-25
98,First98,Last98,UK,2023-03-06
99,First99,Last99,USA,2023-09-26
100,First100,Last100,USA,2023-06-23
101,First101,Last101,Canada,2023-11-12
102,First102,Last102,Canada,2023-02-06
103,First103,Last103,Germany,2023-03-05
104,First104,Last104,USA,2023-05-22
105,First105,Last105,UK,2023-12-01
106,First106,Last106,Nigeria,2023-09-03
107,First107,Last107,Germany,2023-07-03
108,First108,Last108,France,2023-09-26
109,First109,Last109,UK,2023-04-24
110,First110,Last110,France,2023-01-02
111,First111,Last111,Nigeria,2023-05-04
112,First112,Last112,Canada,2023-07-19
113,First113,Last113,UK,2023-11-12
114,First114,Last114,France,2023-01-04
115,First115,Last115,Canada,2023-10-14
116,First116,Last116,France,2023-06-26
117,First117,Last117,France,2023-09-12
118,First118,Last118,Germany,2023-06-21
119,First119,Last119,Canada,2023-11-11
120,First120,Last120,Canada,2023-05-21
121,First121,Last121,France,2023-05-04
122,First122,Last122,Nigeria,2023-09-25
123,First123,Last123,UK,2023-08-27
124,First124,Last124,USA,2023-08-18
125,First125,Last125,UK,2023-10-05
126,First126,Last126,UK,2023-09-09
127,First127,Last127,UK,2023-07-04
128,First128,Last128,Canada,2023-12-07
129,First129,Last129,UK,2023-06-17
130,First130,Last130,Canada,2023-07-18
131,First131,Last131,Canada,2023-07-02
132,First132,Last132,Canada,2023-01-17
133,First133,Last133,France,2023-05-01
134,First134,Last134,France,2023-12-14
135,First135,Last135,UK,2023-06-16
136,First136,Last136,USA,2023-04-07
137,First137,Last137,Canada,2023-11-06
138,First138,Last138,Germany,2023-12-19
139,First139,Last139,Canada,2023-12-29
140,First140,Last140,Canada,2023-11-10
141,First141,Last141,Nigeria,2023-08-18
142,First142,Last142,Canada,2023-01-23
143,First143,Last143,UK,2023-10-04
144,First144,Last144,France,2023-09-20
145,First145,Last145,France,2023-07-21
146,First146,Last146,UK,2023-10-31
147,First147,Last147,Germany,2023-06-11
148,First148,Last148,UK,2023-10-02
149,First149,Last149,Germany,2023-10-10
150,First150,Last150,Germany,2023-06-01
151,First151,Last151,Canada,2023-07-15
152,First152,Last152,UK,2023-02-10
153,First153,Last153,Nigeria,2023-08-14
154,First154,Last154,Canada,2023-02-16
155,First155,Last155,Germany,2023-02-21
156,First156,Last156,UK,2023-04-29
157,First157,Last157,Nigeria,2023-09-26
158,First158,Last158,USA,2023-06-30
159,First159,Last159,Canada,2023-12-06
160,First160,Last160,Nigeria,2023-02-24
161,First161,Last161,Canada,2023-01-01
162,First162,Last162,USA,2023-10-15
163,First163,Last163,UK,2023-01-26
164,First164,Last164,Nigeria,2023-08-14
165,First165,Last165,France,2023-12-02
166,First166,Last166,Canada,2023-03-19
167,First167,Last167,UK,2023-07-01
168,First168,Last168,France,2023-08-04
169,First169,Last169,Canada,2023-11-09
170,First170,Last170,Germany,2023-03-12
171,First171,Last171,France,2023-03-05
172,First172,Last172,Germany,2023-10-29
173,First173,Last173,USA,2023-01-21
174,First174,Last174,France,2023-11-25
175,First175,Last175,USA,2023-02-15
176,First176,Last176,Canada,2023-11-23
177,First177,Last177,UK,2023-12-31
178,First178,Last178,UK,2023-06-14
179,First179,Last179,Canada,2023-04-16
180,First180,Last180,UK,2023-07-26
181,First181,Last181,UK,2023-10-23
182,First182,Last182,Nigeria,2023-10-24
183,First183,Last183,USA,2023-11-05
184,First184,Last184,Germany,2023-01-29
185,First185,Last185,Nigeria,2023-03-13
186,First186,Last186,Nigeria,2023-06-06
187,First187,Last187,USA,2023-01-29
188,First188,Last188,UK,2023-09-09
189,First189,Last189,Nigeria,2023-03-07
190,First190,Last190,Germany,2023-12-05
191,First191,Last191,Nigeria,2023-09-30
192,First192,Last192,UK,2023-01-19
193,First193,Last193,Canada,2023-12-08
194,First194,Last194,Canada,2023-04-12
195,First195,Last195,Canada,2023-09-07
196,First196,Last196,Germany,2023-09-01
197,First197,Last197,Germany,2023-04-03
198,First198,Last198,UK,2023-03-19
199,First199,Last199,USA,2023-02-13
200,First200,Last200,USA,2023-07-31
201,First201,Last201,Nigeria,2023-06-29
202,First202,Last202,UK,2023-07-26
203,First203,Last203,USA,2023-11-25
204,First204,Last204,UK,2023-06-04
205,First205,Last205,Nigeria,2023-05-08
206,First206,Last206,Nigeria,2023-06-27
207,First207,Last207,Nigeria,2023-04-25
208,First208,Last208,Canada,2023-06-29
209,First209,Last209,Germany,2023-10-23
210,First210,Last210,France,2023-09-29
211,First211,Last211,France,2023-08-27
212,First212,Last212,UK,2023-05-07
213,First213,Last213,UK,2023-10-09
214,First214,Last214,UK,2023-03-10
215,First215,Last215,Canada,2023-10-07
216,First216,Last216,France,2023-11-09
217,First217,Last217,France,2023-10-26
218,First218,Last218,USA,2023-09-26
219,First219,Last219,USA,2023-03-19
220,First220,Last220,Canada,2023-04-01
221,First221,Last221,Canada,2023-05-23
222,First222,Last222,Canada,2023-08-18
223,First223,Last223,Canada,2023-10-31
224,First224,Last224,UK,2023-01-27
225,First225,Last225,Canada,2023-10-20
226,First226,Last226,France,2023-04-19
227,First227,Last227,UK,2023-11-14
228,First228,Last228,UK,2023-02-24
229,First229,Last229,Canada,2023-11-14
230,First230,Last230,France,2023-05-14
231,First231,Last231,Canada,2023-06-05
232,First232,Last232,Nigeria,2023-07-13
233,First233,Last233,Germany,2023-04-30
234,First234,Last234,UK,2023-09-19
235,First235,Last235,France,2023-11-19
236,First236,Last236,Germany,2023-01-14
237,First237,Last237,UK,2023-10-01
238,First238,Last238,Canada,2023-01-31
239,First239,Last239,Germany,2023-02-16
240,First240,Last240,Canada,2023-05-09
241,First241,Last241,USA,2023-07-06
242,First242,Last242,UK,2023-04-01
243,First243,Last243,UK,2023-05-09
244,First244,Last244,Nigeria,2023-07-13
245,First245,Last245,Nigeria,2023-01-04
246,First246,Last246,Germany,2023-05-04
247,First247,Last247,Nigeria,2023-11-04
248,First248,Last248,USA,2023-07-10
249,First249,Last249,Nigeria,2023-12-10
250,First250,Last250,Canada,2023-07-06
251,First251,Last251,Germany,2023-05-12
252,First252,Last252,Nigeria,2023-02-24
253,First253,Last253,France,2023-01-03
254,First254,Last254,France,2023-12-19
255,First255,Last255,France,2023-05-05
256,First256,Last256,UK,2023-02-19
257,First257,Last257,USA,2023-07-13
258,First258,Last258,Canada,2023-09-05
259,First259,Last259,UK,2023-11-03
260,First260,Last260,UK,2023-05-11
261,First261,Last261,UK,2023-01-26
262,First262,Last262,Germany,2023-08-18
263,First263,Last263,France,2023-12-11
264,First264,Last264,Germany,2023-08-16
265,First265,Last265,Canada,2023-01-27
266,First266,Last266,Germany,2023-06-03
267,First267,Last267,Nigeria,2023-12-14
268,First268,Last268,UK,2023-10-04
269,First269,Last269,Germany,2023-10-19
270,First270,Last270,USA,2023-07-23
271,First271,Last271,Germany,2023-11-29
272,First272,Last272,Nigeria,2023-11-18
273,First273,Last273,Canada,2023-07-06
274,First274,Last274,Nigeria,2023-07-26
275,First275,Last275,Germany,2023-04-07
276,First276,Last276,Canada,2023-12-08
277,First277,Last277,USA,2023-06-24
278,First278,Last278,Germany,2023-01-26
279,First279,Last279,UK,2023-06-07
280,First280,Last280,UK,2023-02-19
281,First281,Last281,Nigeria,2023-07-12
282,First282,Last282,France,2023-06-24
283,First283,Last283,Nigeria,2023-09-08
284,First284,Last284,Nigeria,2023-10-29
285,First285,Last285,Canada,2023-12-26
286,First286,Last286,Nigeria,2023-12-17
287,First287,Last287,Canada,2023-11-22
288,First288,Last288,Germany,2023-05-20
289,First289,Last289,USA,2023-03-24
290,First290,Last290,Nigeria,2023-10-28
291,First291,Last291,Germany,2023-05-22
292,First292,Last292,Canada,2023-10-25
293,First293,Last293,Canada,2023-03-02
294,First294,Last294,France,2023-12-24
295,First295,Last295,UK,2023-04-28
296,First296,Last296,USA,2023-08-17
297,First297,Last297,UK,2023-07-31
298,First298,Last298,Canada,2023-01-19
299,First299,Last299,UK,2023-07-16
300,First300,Last300,France,2023-07-05
301,First301,Last301,Canada,2023-03-22
302,First302,Last302,USA,2023-07-20
303,First303,Last303,Nigeria,2023-11-05
304,First304,Last304,Nigeria,2023-08-06
305,First305,Last305,USA,2023-04-11
306,First306,Last306,Nigeria,2023-09-25
307,First307,Last307,France,2023-05-13
308,First308,Last308,UK,2023-05-24
309,First309,Last309,France,2023-10-27
310,First310,Last310,UK,2023-08-13
311,First311,Last311,Canada,2023-01-05
312,First312,Last312,Nigeria,2023-10-04
313,First313,Last313,USA,2023-05-30
314,First314,Last314,France,2023-04-14
315,First315,Last315,UK,2023-04-01
316,First316,Last316,Canada,2023-03-07
317,First317,Last317,USA,2023-08-30
318,First318,Last318,Canada,2023-02-17
319,First319,Last319,USA,2023-06-14
320,First320,Last320,France,2023-11-27
321,First321,Last321,Canada,2023-09-06
322,First322,Last322,France,2023-09-13
323,First323,Last323,Canada,2023-08-06
324,First324,Last324,USA,2023-09-27
325,First325,Last325,France,2023-08-31
326,First326,Last326,Canada,2023-10-12
327,First327,Last327,Germany,2023-03-01
328,First328,Last328,France,2023-03-23
329,First329,Last329,UK,2023-11-05
330,First330,Last330,UK,2023-02-15
331,First331,Last331,UK,2023-08-26
332,First332,Last332,Germany,2023-01-05
333,First333,Last333,Canada,2023-07-17
334,First334,Last334,France,2023-12-06
335,First335,Last335,Nigeria,2023-08-26
336,First336,Last336,USA,2023-07-14
337,First337,Last337,UK,2023-03-28
338,First338,Last338,Canada,2023-01-22
339,First339,Last339,Canada,2023-12-19
340,First340,Last340,USA,2023-02-01
341,First341,Last341,Canada,2023-10-19
342,First342,Last342,Germany,2023-03-13
343,First343,Last343,Nigeria,2023-06-23
344,First344,Last344,USA,2023-07-03
345,First345,Last345,Germany,2023-09-11
346,First346,Last346,UK,2023-08-17
347,First347,Last347,Canada,2023-03-27
348,First348,Last348,Canada,2023-04-24
349,First349,Last349,USA,2023-08-06
350,First350,Last350,France,2023-05-29
351,First351,Last351,Nigeria,2023-06-28
352,First352,Last352,Nigeria,2023-05-14
353,First353,Last353,UK,2023-01-06
354,First354,Last354,USA,2023-01-19
355,First355,Last355,Germany,2023-05-17
356,First356,Last356,Canada,2023-10-09
357,First357,Last357,Nigeria,2023-11-24
358,First358,Last358,Canada,2023-08-06
359,First359,Last359,UK,2023-04-21
360,First360,Last360,USA,2023-12-27
361,First361,Last361,Canada,2023-11-03
362,First362,Last362,USA,2023-04-25
363,First363,Last363,UK,2023-02-23
364,First364,Last364,USA,2023-04-19
365,First365,Last365,Germany,2023-06-22
366,First366,Last366,UK,2023-02-13
367,First367,Last367,France,2023-03-17
368,First368,Last368,Germany,2023-03-05
369,First369,Last369,France,2023-07-16
370,First370,Last370,USA,2023-09-08
371,First371,Last371,Canada,2023-06-11
372,First372,Last372,Canada,2023-02-17
373,First373,Last373,Germany,2023-07-04
374,First374,Last374,USA,2023-08-26
375,First375,Last375,Canada,2023-08-24
376,First376,Last376,UK,2023-12-21
377,First377,Last377,Canada,2023-01-12
378,First378,Last378,Canada,2023-09-07
379,First379,Last379,Canada,2023-10-15
380,First380,Last380,Nigeria,2023-03-26
381,First381,Last381,USA,2023-08-11
382,First382,Last382,UK,2023-05-30
383,First383,Last383,France,2023-04-12
384,First384,Last384,USA,2023-03-17
385,First385,Last385,Nigeria,2023-04-28
386,First386,Last386,UK,2023-09-23
387,First387,Last387,Canada,2023-11-03
388,First388,Last388,Canada,2023-02-10
389,First389,Last389,Nigeria,2023-02-26
390,First390,Last390,France,2023-06-23
391,First391,Last391,USA,2023-09-22
392,First392,Last392,France,2023-01-05
393,First393,Last393,France,2023-02-03
394,First394,Last394,UK,2023-05-07
395,First395,Last395,UK,2023-04-19
396,First396,Last396,Germany,2023-10-17
397,First397,Last397,France,2023-03-03
398,First398,Last398,Nigeria,2023-04-17
399,First399,Last399,France,2023-11-16
400,First400,Last400,Nigeria,2023-08-27
401,First401,Last401,Canada,2023-06-21
402,First402,Last402,Nigeria,2023-10-08
403,First403,Last403,Nigeria,2023-08-03
404,First404,Last404,France,2023-11-15
405,First405,Last405,Canada,2023-03-23
406,First406,Last406,UK,2023-10-04
407,First407,Last407,Nigeria,2023-07-23
408,First408,Last408,France,2023-05-16
409,First409,Last409,Germany,2023-08-05
410,First410,Last410,Canada,2023-04-07
411,First411,Last411,USA,2023-07-19
412,First412,Last412,Nigeria,2023-01-21
413,First413,Last413,Canada,2023-02-12
414,First414,Last414,France,2023-10-05
415,First415,Last415,Nigeria,2023-10-23
416,First416,Last416,France,2023-02-18
417,First417,Last417,France,2023-04-08
418,First418,Last418,Nigeria,2023-09-07
419,First419,Last419,France,2023-09-25
420,First420,Last420,Nigeria,2023-05-17
421,First421,Last421,Nigeria,2023-05-27
422,First422,Last422,France,2023-02-25
423,First423,Last423,France,2023-04-05
424,First424,Last424,Germany,2023-08-13
425,First425,Last425,Canada,2023-10-22
426,First426,Last426,France,2023-02-09
427,First427,Last427,Canada,2023-03-17
428,First428,Last428,France,2023-03-12
429,First429,Last429,Canada,2023-12-05
430,First430,Last430,Nigeria,2023-09-01
431,First431,Last431,USA,2023-08-25
432,First432,Last432,Nigeria,2023-09-03
433,First433,Last433,Nigeria,2023-12-28
434,First434,Last434,UK,2023-09-22
435,First435,Last435,USA,2023-11-07
436,First436,Last436,UK,2023-11-19
437,First437,Last437,UK,2023-11-22
438,First438,Last438,Canada,2023-08-05
439,First439,Last439,USA,2023-12-02
440,First440,Last440,Germany,2023-01-23
441,First441,Last441,USA,2023-02-19
442,First442,Last442,UK,2023-12-28
443,First443,Last443,Germany,2023-09-20
444,First444,Last444,Germany,2023-03-14
445,First445,Last445,Canada,2023-01-17
446,First446,Last446,USA,2023-07-04
447,First447,Last447,Nigeria,2023-04-18
448,First448,Last448,France,2023-10-10
449,First449,Last449,France,2023-10-02
450,First450,Last450,USA,2023-10-15
451,First451,Last451,USA,2023-05-18
452,First452,Last452,France,2023-01-05
453,First453,Last453,Nigeria,2023-05-18
454,First454,Last454,USA,2023-03-18
455,First455,Last455,France,2023-01-08
456,First456,Last456,Nigeria,2023-10-10
457,First457,Last457,Nigeria,2023-08-18
458,First458,Last458,UK,2023-10-13
459,First459,Last459,Germany,2023-09-09
460,First460,Last460,Canada,2023-03-18
461,First461,Last461,France,2023-01-14
462,First462,Last462,Nigeria,2023-10-28
463,First463,Last463,Nigeria,2023-06-12
464,First464,Last464,Germany,2023-12-04
465,First465,Last465,France,2023-05-20
466,First466,Last466,UK,2023-12-02
467,First467,Last467,UK,2023-12-30
468,First468,Last468,UK,2023-06-23
469,First469,Last469,France,2023-09-16
470,First470,Last470,USA,2023-07-17
471,First471,Last471,France,2023-11-10
472,First472,Last472,USA,2023-02-26
473,First473,Last473,France,2023-07-29
474,First474,Last474,UK,2023-05-18
475,First475,Last475,UK,2023-02-14
476,First476,Last476,Nigeria,2023-06-14
477,First477,Last477,Germany,2023-10-27
478,First478,Last478,Germany,2023-01-15
479,First479,Last479,Canada,2023-10-08
480,First480,Last480,USA,2023-07-23
481,First481,Last481,Germany,2023-08-11
482,First482,Last482,Canada,2023-03-24
483,First483,Last483,Germany,2023-01-05
484,First484,Last484,France,2023-06-29
485,First485,Last485,Canada,2023-11-30
486,First486,Last486,Germany,2023-11-22
487,First487,Last487,USA,2023-10-30
488,First488,Last488,USA,2023-05-23
489,First489,Last489,USA,2023-06-29
490,First490,Last490,Canada,2023-10-07
491,First491,Last491,Nigeria,2023-06-24
492,First492,Last492,USA,2023-07-16
493,First493,Last493,USA,2023-08-17
494,First494,Last494,UK,2023-03-23
495,First495,Last495,UK,2023-01-17
496,First496,Last496,UK,2023-11-05
497,First497,Last497,France,2023-11-13
498,First498,Last498,Nigeria,2023-08-28
499,First499,Last499,Nigeria,2023-10-08
500,First500,Last500,France,2023-03-22
501,First501,Last501,France,2023-12-01
502,First502,Last502,USA,2023-11-19
503,First503,Last503,USA,2023-06-14
504,First504,Last504,USA,2023-12-03
505,First505,Last505,Germany,2023-10-09
506,First506,Last506,Canada,2023-05-26
507,First507,Last507,UK,2023-10-14
508,First508,Last508,UK,2023-01-29
509,First509,Last509,USA,2023-04-07
510,First510,Last510,France,2023-03-23
511,First511,Last511,USA,2023-11-23
512,First512,Last512,Canada,2023-08-12
513,First513,Last513,Canada,2023-02-27
514,First514,Last514,France,2023-07-25
515,First515,Last515,France,2023-07-27
516,First516,Last516,USA,2023-07-15
517,First517,Last517,Nigeria,2023-11-11
518,First518,Last518,UK,2023-03-11
519,First519,Last519,UK,2023-07-02
520,First520,Last520,Nigeria,2023-11-22
521,First521,Last521,Nigeria,2023-01-13
522,First522,Last522,Germany,2023-02-17
523,First523,Last523,UK,2023-01-29
524,First524,Last524,USA,2023-10-28
525,First525,Last525,Germany,2023-02-15
526,First526,Last526,UK,2023-05-11
527,First527,Last527,Nigeria,2023-11-01
528,First528,Last528,Canada,2023-09-01
529,First529,Last529,Nigeria,2023-01-17
530,First530,Last530,Germany,2023-08-23
531,First531,Last531,France,2023-07-21
532,First532,Last532,UK,2023-07-16
533,First533,Last533,Canada,2023-03-24
534,First534,Last534,Canada,2023-08-26
535,First535,Last535,UK,2023-09-07
536,First536,Last536,Germany,2023-08-10
537,First537,Last537,USA,2023-05-17
538,First538,Last538,USA,2023-04-10
539,First539,Last539,Canada,2023-06-05
540,First540,Last540,Nigeria,2023-11-24
541,First541,Last541,France,2023-11-15
542,First542,Last542,Canada,2023-01-22
543,First543,Last543,France,2023-02-06
544,First544,Last544,Germany,2023-09-19
545,First545,Last545,Canada,2023-06-26
546,First546,Last546,Canada,2023-12-27
547,First547,Last547,Canada,2023-05-10
548,First548,Last548,UK,2023-12-14
549,First549,Last549,USA,2023-07-16
550,First550,Last550,UK,2023-07-29
551,First551,Last551,USA,2023-06-29
552,First552,Last552,Germany,2023-06-19
553,First553,Last553,USA,2023-04-29
554,First554,Last554,Canada,2023-04-18
555,First555,Last555,UK,2023-07-18
556,First556,Last556,Nigeria,2023-05-13
557,First557,Last557,Canada,2023-05-02
558,First558,Last558,USA,2023-06-29
559,First559,Last559,France,2023-11-30
560,First560,Last560,France,2023-03-04
561,First561,Last561,Germany,2023-06-14
562,First562,Last562,Canada,2023-09-17
563,First563,Last563,Germany,2023-08-08
564,First564,Last564,USA,2023-07-03
565,First565,Last565,UK,2023-11-08
566,First566,Last566,Canada,2023-07-01
567,First567,Last567,UK,2023-01-18
568,First568,Last568,USA,2023-11-14
569,First569,Last569,Germany,2023-05-21
570,First570,Last570,Canada,2023-03-17
571,First571,Last571,Nigeria,2023-09-08
572,First572,Last572,France,2023-10-30
573,First573,Last573,France,2023-07-18
574,First574,Last574,Germany,2023-03-08
575,First575,Last575,UK,2023-06-26
576,First576,Last576,Germany,2023-01-26
577,First577,Last577,Nigeria,2023-04-22
578,First578,Last578,Germany,2023-04-10
579,First579,Last579,Canada,2023-11-07
580,First580,Last580,Canada,2023-12-20
581,First581,Last581,France,2023-01-27
582,First582,Last582,USA,2023-06-18
583,First583,Last583,Canada,2023-10-17
584,First584,Last584,USA,2023-06-08
585,First585,Last585,USA,2023-01-26
586,First586,Last586,Germany,2023-06-25
587,First587,Last587,USA,2023-12-20
588,First588,Last588,Germany,2023-07-14
589,First589,Last589,Canada,2023-01-15
590,First590,Last590,UK,2023-03-24
591,First591,Last591,UK,2023-10-16
592,First592,Last592,Germany,2023-02-19
593,First593,Last593,Canada,2023-04-07
594,First594,Last594,USA,2023-05-08
595,First595,Last595,France,2023-01-23
596,First596,Last596,France,2023-05-02
597,First597,Last597,France,2023-03-08
598,First598,Last598,France,2023-09-20
599,First599,Last599,Nigeria,2023-09-10
600,First600,Last600,Germany,2023-01-14
601,First601,Last601,UK,2023-09-24
602,First602,Last602,Canada,2023-09-29
603,First603,Last603,Germany,2023-06-16
604,First604,Last604,USA,2023-10-14
605,First605,Last605,UK,2023-03-08
606,First606,Last606,Canada,2023-09-28
607,First607,Last607,Germany,2023-08-18
608,First608,Last608,France,2023-05-19
609,First609,Last609,USA,2023-03-24
610,First610,Last610,Canada,2023-05-25
611,First611,Last611,Nigeria,2023-04-13
612,First612,Last612,UK,2023-10-03
613,First613,Last613,Nigeria,2023-04-21
614,First614,Last614,UK,2023-12-17
615,First615,Last615,Nigeria,2023-05-22
616,First616,Last616,Nigeria,2023-07-15
617,First617,Last617,USA,2023-03-23
618,First618,Last618,France,2023-06-02
619,First619,Last619,UK,2023-08-11
620,First620,Last620,Germany,2023-05-13
621,First621,Last621,UK,2023-04-30
622,First622,Last622,UK,2023-03-16
623,First623,Last623,France,2023-08-28
624,First624,Last624,France,2023-02-08
625,First625,Last625,France,2023-01-23
626,First626,Last626,France,2023-01-18
627,First627,Last627,Canada,2023-11-18
628,First628,Last628,UK,2023-01-05
629,First629,Last629,France,2023-03-12
630,First630,Last630,UK,2023-04-30
631,First631,Last631,USA,2023-01-14
632,First632,Last632,UK,2023-03-07
633,First633,Last633,Canada,2023-01-30
634,First634,Last634,France,2023-10-17
635,First635,Last635,UK,2023-05-23
636,First636,Last636,Canada,2023-06-22
637,First637,Last637,UK,2023-07-17
638,First638,Last638,Nigeria,2023-09-29
639,First639,Last639,UK,2023-07-05
640,First640,Last640,Canada,2023-03-05
641,First641,Last641,Germany,2023-05-26
642,First642,Last642,USA,2023-07-21
643,First643,Last643,Canada,2023-03-12
644,First644,Last644,USA,2023-12-10
645,First645,Last645,Nigeria,2023-08-29
646,First646,Last646,Nigeria,2023-10-14
647,First647,Last647,France,2023-10-11
648,First648,Last648,Germany,2023-09-26
649,First649,Last649,Germany,2023-09-14
650,First650,Last650,Germany,2023-11-04
651,First651,Last651,Germany,2023-08-03
652,First652,Last652,Canada,2023-09-01
653,First653,Last653,USA,2023-10-04
654,First654,Last654,UK,2023-01-16
655,First655,Last655,USA,2023-01-14
656,First656,Last656,UK,2023-06-10
657,First657,Last657,France,2023-08-10
658,First658,Last658,UK,2023-09-22
659,First659,Last659,Nigeria,2023-12-30
660,First660,Last660,Nigeria,2023-04-23
661,First661,Last661,Nigeria,2023-05-24
662,First662,Last662,UK,2023-11-26
663,First663,Last663,USA,2023-04-28
664,First664,Last664,UK,2023-11-11
665,First665,Last665,France,2023-06-17
666,First666,Last666,France,2023-09-26
667,First667,Last667,Nigeria,2023-03-05
668,First668,Last668,USA,2023-03-15
669,First669,Last669,Canada,2023-05-09
670,First670,Last670,Canada,2023-12-24
671,First671,Last671,Nigeria,2023-04-27
672,First672,Last672,Canada,2023-01-27
673,First673,Last673,France,2023-01-09
674,First674,Last674,UK,2023-06-02
675,First675,Last675,USA,2023-12-25
676,First676,Last676,Nigeria,2023-01-25
677,First677,Last677,France,2023-05-26
678,First678,Last678,Germany,2023-08-28
679,First679,Last679,USA,2023-02-03
680,First680,Last680,Canada,2023-10-28
681,First681,Last681,Canada,2023-06-09
682,First682,Last682,USA,2023-08-18
683,First683,Last683,France,2023-10-03
684,First684,Last684,UK,2023-11-19
685,First685,Last685,Canada,2023-05-12
686,First686,Last686,USA,2023-11-09
687,First687,Last687,Nigeria,2024-01-01
688,First688,Last688,USA,2023-01-30
689,First689,Last689,France,2023-01-17
690,First690,Last690,USA,2023-11-01
691,First691,Last691,Canada,2023-05-08
692,First692,Last692,USA,2023-02-22
693,First693,Last693,UK,2023-10-14
694,First694,Last694,France,2023-04-29
695,First695,Last695,France,2023-07-10
696,First696,Last696,UK,2023-12-19
697,First697,Last697,Canada,2023-07-31
698,First698,Last698,Germany,2023-10-28
699,First699,Last699,Canada,2023-04-11
700,First700,Last700,Germany,2023-05-31
701,First701,Last701,Canada,2023-08-29
702,First702,Last702,Nigeria,2023-04-21
703,First703,Last703,Nigeria,2023-09-25
704,First704,Last704,USA,2023-06-06
705,First705,Last705,Canada,2023-01-03
706,First706,Last706,Germany,2023-10-29
707,First707,Last707,Nigeria,2023-02-17
708,First708,Last708,UK,2023-07-10
709,First709,Last709,France,2023-09-27
710,First710,Last710,USA,2023-01-08
711,First711,Last711,Nigeria,2023-06-03
712,First712,Last712,Germany,2023-05-19
713,First713,Last713,France,2023-05-22
714,First714,Last714,Nigeria,2023-04-04
715,First715,Last715,UK,2023-02-25
716,First716,Last716,France,2023-07-26
717,First717,Last717,Germany,2023-02-18
718,First718,Last718,France,2023-03-22
719,First719,Last719,Nigeria,2023-07-31
720,First720,Last720,Canada,2023-12-21
721,First721,Last721,Germany,2023-06-24
722,First722,Last722,France,2023-05-29
723,First723,Last723,Canada,2023-05-02
724,First724,Last724,UK,2023-10-04
725,First725,Last725,Nigeria,2023-01-16
726,First726,Last726,USA,2023-11-05
727,First727,Last727,Canada,2023-07-02
728,First728,Last728,Nigeria,2023-02-09
729,First729,Last729,Nigeria,2023-02-22
730,First730,Last730,Germany,2023-07-15
731,First731,Last731,Canada,2023-09-22
732,First732,Last732,France,2023-08-17
733,First733,Last733,Nigeria,2023-02-01
734,First734,Last734,Nigeria,2023-01-26
735,First735,Last735,Canada,2023-09-28
736,First736,Last736,UK,2023-01-18
737,First737,Last737,Germany,2023-09-16
738,First738,Last738,USA,2023-09-27
739,First739,Last739,France,2023-05-01
740,First740,Last740,Canada,2023-02-16
741,First741,Last741,Canada,2023-12-20
742,First742,Last742,Germany,2023-08-14
743,First743,Last743,UK,2023-03-26
744,First744,Last744,Germany,2023-10-23
745,First745,Last745,USA,2023-08-07
746,First746,Last746,UK,2023-11-02
747,First747,Last747,Germany,2023-04-24
748,First748,Last748,UK,2023-05-14
749,First749,Last749,UK,2023-03-16
750,First750,Last750,USA,2023-01-27
751,First751,Last751,Germany,2023-06-24
752,First752,Last752,France,2023-07-27
753,First753,Last753,Canada,2023-07-24
754,First754,Last754,Germany,2023-02-21
755,First755,Last755,UK,2023-09-28
756,First756,Last756,Canada,2023-05-25
757,First757,Last757,France,2023-11-24
758,First758,Last758,Canada,2023-09-22
759,First759,Last759,Germany,2023-05-27
760,First760,Last760,UK,2023-06-14
761,First761,Last761,UK,2023-01-21
762,First762,Last762,France,2023-05-24
763,First763,Last763,USA,2023-10-10
764,First764,Last764,Germany,2023-09-15
765,First765,Last765,UK,2023-05-23
766,First766,Last766,Canada,2023-01-11
767,First767,Last767,Germany,2023-02-01
768,First768,Last768,USA,2023-07-31
769,First769,Last769,Canada,2023-03-16
770,First770,Last770,UK,2023-12-05
771,First771,Last771,France,2023-08-22
772,First772,Last772,Canada,2023-09-21
773,First773,Last773,Canada,2023-10-26
774,First774,Last774,UK,2023-06-09
775,First775,Last775,USA,2023-05-19
776,First776,Last776,Nigeria,2023-04-19
777,First777,Last777,USA,2023-07-13
778,First778,Last778,Germany,2023-10-09
779,First779,Last779,Germany,2023-08-12
780,First780,Last780,Canada,2023-01-11
781,First781,Last781,USA,2023-09-12
782,First782,Last782,Germany,2023-10-10
783,First783,Last783,UK,2023-07-26
784,First784,Last784,Canada,2023-06-13
785,First785,Last785,Canada,2023-08-11
786,First786,Last786,Canada,2023-08-07
787,First787,Last787,UK,2023-06-24
788,First788,Last788,Canada,2023-02-18
789,First789,Last789,Germany,2023-09-17
790,First790,Last790,Germany,2023-01-08
791,First791,Last791,Nigeria,2023-12-26
792,First792,Last792,Canada,2023-05-07
793,First793,Last793,USA,2023-05-19
794,First794,Last794,France,2023-07-23
795,First795,Last795,Nigeria,2023-01-13
796,First796,Last796,USA,2023-08-07
797,First797,Last797,USA,2023-02-13
798,First798,Last798,France,2023-04-07
799,First799,Last799,USA,2023-08-22
800,First800,Last800,UK,2023-07-22
801,First801,Last801,Germany,2023-03-03
802,First802,Last802,France,2023-12-28
803,First803,Last803,Canada,2023-08-28
804,First804,Last804,Canada,2023-04-28
805,First805,Last805,Nigeria,2023-03-23
806,First806,Last806,UK,2023-01-04
807,First807,Last807,France,2023-01-20
808,First808,Last808,Nigeria,2023-10-10
809,First809,Last809,Nigeria,2023-08-05
810,First810,Last810,Nigeria,2023-03-16
811,First811,Last811,UK,2023-06-23
812,First812,Last812,USA,2023-07-19
813,First813,Last813,UK,2023-08-17
814,First814,Last814,Nigeria,2023-09-18
815,First815,Last815,Germany,2023-04-02
816,First816,Last816,UK,2023-02-01
817,First817,Last817,France,2023-04-22
818,First818,Last818,USA,2023-11-23
819,First819,Last819,Germany,2023-06-02
820,First820,Last820,Germany,2023-10-07
821,First821,Last821,Canada,2023-07-31
822,First822,Last822,Nigeria,2023-09-20
823,First823,Last823,Germany,2023-08-17
824,First824,Last824,France,2023-04-16
825,First825,Last825,Canada,2023-12-14
826,First826,Last826,USA,2023-03-05
827,First827,Last827,UK,2023-12-01
828,First828,Last828,France,2023-10-14
829,First829,Last829,USA,2023-11-20
830,First830,Last830,USA,2023-06-22
831,First831,Last831,Nigeria,2023-09-04
832,First832,Last832,Canada,2023-05-07
833,First833,Last833,Germany,2023-01-16
834,First834,Last834,Germany,2023-10-07
835,First835,Last835,France,2023-09-19
836,First836,Last836,UK,2023-07-28
837,First837,Last837,UK,2023-03-12
838,First838,Last838,USA,2023-08-18
839,First839,Last839,UK,2023-05-11
840,First840,Last840,France,2023-07-13
841,First841,Last841,Nigeria,2023-03-29
842,First842,Last842,UK,2023-01-13
843,First843,Last843,Germany,2023-06-28
844,First844,Last844,UK,2023-07-02
845,First845,Last845,UK,2023-03-16
846,First846,Last846,Nigeria,2023-03-19
847,First847,Last847,USA,2023-12-26
848,First848,Last848,Nigeria,2023-09-26
849,First849,Last849,Canada,2023-12-04
850,First850,Last850,Canada,2023-05-16
851,First851,Last851,France,2023-10-08
852,First852,Last852,UK,2023-08-19
853,First853,Last853,France,2023-08-30
854,First854,Last854,France,2023-08-23
855,First855,Last855,France,2023-08-22
856,First856,Last856,France,2023-04-27
857,First857,Last857,France,2023-05-16
858,First858,Last858,Germany,2023-11-11
859,First859,Last859,France,2023-05-22
860,First860,Last860,France,2023-04-11
861,First861,Last861,France,2023-07-28
862,First862,Last862,Nigeria,2023-05-30
863,First863,Last863,USA,2023-04-04
864,First864,Last864,Germany,2023-10-16
865,First865,Last865,USA,2023-04-05
866,First866,Last866,Germany,2023-01-15
867,First867,Last867,Canada,2023-11-21
868,First868,Last868,Germany,2023-01-16
869,First869,Last869,Nigeria,2023-08-25
870,First870,Last870,UK,2023-08-26
871,First871,Last871,Canada,2023-07-08
872,First872,Last872,USA,2023-06-05
873,First873,Last873,Germany,2023-12-24
874,First874,Last874,Canada,2023-08-09
875,First875,Last875,France,2023-03-09
876,First876,Last876,Germany,2023-08-09
877,First877,Last877,USA,2023-02-03
878,First878,Last878,Canada,2023-12-04
879,First879,Last879,USA,2023-07-11
880,First880,Last880,Nigeria,2023-09-03
881,First881,Last881,USA,2023-06-03
882,First882,Last882,Canada,2023-11-26
883,First883,Last883,UK,2023-11-28
884,First884,Last884,UK,2023-10-22
885,First885,Last885,France,2023-07-10
886,First886,Last886,Canada,2023-06-02
887,First887,Last887,USA,2023-12-30
888,First888,Last888,Nigeria,2023-11-22
889,First889,Last889,France,2023-08-15
890,First890,Last890,USA,2023-05-27
891,First891,Last891,UK,2023-02-08
892,First892,Last892,USA,2023-11-13
893,First893,Last893,Nigeria,2023-04-29
894,First894,Last894,UK,2023-11-09
895,First895,Last895,Nigeria,2023-07-24
896,First896,Last896,UK,2023-03-06
897,First897,Last897,Germany,2023-01-25
898,First898,Last898,UK,2023-12-23
899,First899,Last899,Canada,2023-02-20
900,First900,Last900,Canada,2023-12-17
901,First901,Last901,France,2023-02-17
902,First902,Last902,Germany,2023-12-12
903,First903,Last903,Germany,2023-11-23
904,First904,Last904,Canada,2023-07-12
905,First905,Last905,Germany,2023-12-02
906,First906,Last906,France,2023-03-17
907,First907,Last907,Nigeria,2023-10-22
908,First908,Last908,UK,2023-01-13
909,First909,Last909,Germany,2023-03-04
910,First910,Last910,USA,2023-09-30
911,First911,Last911,France,2023-07-26
912,First912,Last912,USA,2023-06-29
913,First913,Last913,Nigeria,2023-06-23
914,First914,Last914,Nigeria,2023-02-11
915,First915,Last915,France,2023-10-13
916,First916,Last916,France,2023-03-21
917,First917,Last917,Germany,2023-06-05
918,First918,Last918,USA,2023-05-10
919,First919,Last919,UK,2023-06-07
920,First920,Last920,Germany,2023-04-13
921,First921,Last921,Canada,2023-05-13
922,First922,Last922,Nigeria,2023-01-08
923,First923,Last923,France,2023-02-09
924,First924,Last924,UK,2023-04-25
925,First925,Last925,France,2023-09-18
926,First926,Last926,UK,2023-07-23
927,First927,Last927,Canada,2023-04-04
928,First928,Last928,UK,2023-06-19
929,First929,Last929,France,2023-11-09
930,First930,Last930,Nigeria,2023-10-05
931,First931,Last931,USA,2023-10-01
932,First932,Last932,USA,2023-09-01
933,First933,Last933,USA,2023-04-09
934,First934,Last934,Germany,2023-09-18
935,First935,Last935,Nigeria,2023-11-05
936,First936,Last936,Canada,2023-03-02
937,First937,Last937,Canada,2023-06-21
938,First938,Last938,Nigeria,2023-02-23
939,First939,Last939,USA,2023-05-18
940,First940,Last940,Germany,2023-05-14
941,First941,Last941,Nigeria,2023-05-29
942,First942,Last942,UK,2023-07-29
943,First943,Last943,Canada,2023-05-13
944,First944,Last944,UK,2023-04-21
945,First945,Last945,USA,2023-12-05
946,First946,Last946,Canada,2023-04-07
947,First947,Last947,France,2023-09-28
948,First948,Last948,USA,2023-04-02
949,First949,Last949,Nigeria,2023-06-21
950,First950,Last950,Germany,2023-10-06
951,First951,Last951,Canada,2023-06-02
952,First952,Last952,USA,2023-08-06
953,First953,Last953,France,2023-09-02
954,First954,Last954,France,2023-10-29
955,First955,Last955,Nigeria,2023-09-07
956,First956,Last956,Germany,2023-07-22
957,First957,Last957,Canada,2023-01-30
958,First958,Last958,Canada,2023-10-13
959,First959,Last959,USA,2023-06-01
960,First960,Last960,UK,2023-10-03
961,First961,Last961,USA,2023-07-16
962,First962,Last962,Nigeria,2023-05-08
963,First963,Last963,Germany,2023-03-07
964,First964,Last964,UK,2023-07-19
965,First965,Last965,Nigeria,2023-04-22
966,First966,Last966,Canada,2023-03-23
967,First967,Last967,UK,2023-11-21
968,First968,Last968,UK,2023-06-04
969,First969,Last969,UK,2023-06-04
970,First970,Last970,Nigeria,2023-07-18
971,First971,Last971,USA,2023-06-02
972,First972,Last972,Germany,2023-06-03
973,First973,Last973,France,2023-08-29
974,First974,Last974,Nigeria,2023-11-19
975,First975,Last975,Nigeria,2023-08-14
976,First976,Last976,UK,2023-07-25
977,First977,Last977,UK,2023-10-30
978,First978,Last978,UK,2023-08-23
979,First979,Last979,France,2023-05-24
980,First980,Last980,France,2023-04-12
981,First981,Last981,Germany,2023-09-25
982,First982,Last982,USA,2024-01-01
983,First983,Last983,Canada,2023-11-20
984,First984,Last984,Canada,2023-01-03
985,First985,Last985,UK,2023-05-27
986,First986,Last986,Germany,2023-03-08
987,First987,Last987,USA,2023-09-19
988,First988,Last988,Germany,2023-02-13
989,First989,Last989,USA,2023-11-10
990,First990,Last990,Nigeria,2023-05-22
991,First991,Last991,Germany,2023-07-18
992,First992,Last992,USA,2023-09-06
993,First993,Last993,UK,2023-08-04
994,First994,Last994,USA,2023-02-16
995,First995,Last995,Nigeria,2023-05-01
996,First996,Last996,France,2023-12-28
997,First997,Last997,UK,2023-06-18
998,First998,Last998,USA,2023-06-18
999,First999,Last999,Nigeria,2023-12-01
1000,First1000,Last1000,Nigeria,2023-06-26
1001,First1001,Last1001,UK,2023-04-03
1002,First1002,Last1002,Canada,2023-09-29
1003,First1003,Last1003,USA,2023-07-09
1004,First1004,Last1004,Germany,2023-12-30
1005,First1005,Last1005,Germany,2023-04-02
1006,First1006,Last1006,Germany,2023-10-12
1007,First1007,Last1007,Nigeria,2023-07-30
1008,First1008,Last1008,Germany,2023-02-19
1009,First1009,Last1009,USA,2023-03-06
1010,First1010,Last1010,Germany,2023-12-08
1011,First1011,Last1011,Canada,2023-11-27
1012,First1012,Last1012,Nigeria,2023-12-06
1013,First1013,Last1013,USA,2023-04-08
1014,First1014,Last1014,Germany,2023-06-06
1015,First1015,Last1015,Germany,2023-09-28
1016,First1016,Last1016,Germany,2023-06-01
1017,First1017,Last1017,Canada,2023-01-28
1018,First1018,Last1018,Canada,2023-01-18
1019,First1019,Last1019,Nigeria,2023-09-20
1020,First1020,Last1020,UK,2023-02-08
1021,First1021,Last1021,UK,2023-05-05
1022,First1022,Last1022,UK,2023-01-24
1023,First1023,Last1023,France,2023-09-02
1024,First1024,Last1024,Canada,2023-07-02
1025,First1025,Last1025,Canada,2023-01-24
1026,First1026,Last1026,Canada,2023-03-23
1027,First1027,Last1027,Germany,2023-05-18
1028,First1028,Last1028,UK,2023-04-05
1029,First1029,Last1029,France,2023-06-28
1030,First1030,Last1030,Germany,2023-10-17
1031,First1031,Last1031,France,2023-10-30
1032,First1032,Last1032,USA,2023-04-25
1033,First1033,Last1033,Germany,2023-04-03
1034,First1034,Last1034,France,2023-08-05
1035,First1035,Last1035,UK,2023-08-20
1036,First1036,Last1036,Germany,2023-12-07
1037,First1037,Last1037,UK,2023-09-15
1038,First1038,Last1038,Nigeria,2023-10-01
1039,First1039,Last1039,USA,2023-11-19
1040,First1040,Last1040,Canada,2023-11-23
1041,First1041,Last1041,France,2023-01-29
1042,First1042,Last1042,Canada,2023-11-21
1043,First1043,Last1043,Germany,2023-01-09
1044,First1044,Last1044,Canada,2023-03-06
1045,First1045,Last1045,Canada,2023-05-17
1046,First1046,Last1046,France,2023-09-05
1047,First1047,Last1047,UK,2023-08-08
1048,First1048,Last1048,USA,2023-12-04
1049,First1049,Last1049,Nigeria,2023-07-17
1050,First1050,Last1050,Canada,2023-02-16
1051,First1051,Last1051,Nigeria,2023-02-18
1052,First1052,Last1052,Nigeria,2023-11-01
1053,First1053,Last1053,Nigeria,2023-01-20
1054,First1054,Last1054,Canada,2023-06-20
1055,First1055,Last1055,Germany,2023-10-30
1056,First1056,Last1056,UK,2023-08-23
1057,First1057,Last1057,Canada,2023-10-29
1058,First1058,Last1058,Germany,2023-11-09
1059,First1059,Last1059,Nigeria,2023-09-03
1060,First1060,Last1060,USA,2023-02-03
1061,First1061,Last1061,USA,2023-02-26
1062,First1062,Last1062,Germany,2023-04-27
1063,First1063,Last1063,Germany,2023-12-04
1064,First1064,Last1064,Canada,2023-01-21
1065,First1065,Last1065,Nigeria,2023-07-04
1066,First1066,Last1066,Nigeria,2023-06-10
1067,First1067,Last1067,Nigeria,2023-02-08
1068,First1068,Last1068,Germany,2023-09-10
1069,First1069,Last1069,USA,2023-10-15
1070,First1070,Last1070,France,2023-03-14
1071,First1071,Last1071,USA,2023-08-14
1072,First1072,Last1072,UK,2023-10-24
1073,First1073,Last1073,France,2023-11-20
1074,First1074,Last1074,UK,2023-05-12
1075,First1075,Last1075,France,2023-04-20
1076,First1076,Last1076,UK,2023-08-04
1077,First1077,Last1077,USA,2023-02-12
1078,First1078,Last1078,France,2023-04-11
1079,First1079,Last1079,Canada,2023-01-21
1080,First1080,Last1080,USA,2023-08-22
1081,First1081,Last1081,Germany,2023-04-17
1082,First1082,Last1082,France,2023-06-15
1083,First1083,Last1083,Canada,2023-08-10
1084,First1084,Last1084,UK,2023-08-21
1085,First1085,Last1085,Nigeria,2023-06-12
1086,First1086,Last1086,France,2023-10-31
1087,First1087,Last1087,USA,2023-11-22
1088,First1088,Last1088,Germany,2023-03-27
1089,First1089,Last1089,Germany,2023-04-25
1090,First1090,Last1090,UK,2023-12-03
1091,First1091,Last1091,USA,2023-06-14
1092,First1092,Last1092,France,2023-06-13
1093,First1093,Last1093,Germany,2023-12-04
1094,First1094,Last1094,Canada,2023-07-31
1095,First1095,Last1095,USA,2023-01-21
1096,First1096,Last1096,Nigeria,2023-12-27
1097,First1097,Last1097,USA,2023-12-31
1098,First1098,Last1098,France,2023-03-12
1099,First1099,Last1099,Germany,2023-05-02
1100,First1100,Last1100,Canada,2023-05-03
1101,First1101,Last1101,Canada,2023-11-16
1102,First1102,Last1102,UK,2023-01-23
1103,First1103,Last1103,Nigeria,2023-12-01
1104,First1104,Last1104,France,2023-07-19
1105,First1105,Last1105,Canada,2023-06-09
1106,First1106,Last1106,UK,2023-10-25
1107,First1107,Last1107,Canada,2023-05-17
1108,First1108,Last1108,UK,2023-07-07
1109,First1109,Last1109,USA,2023-08-10
1110,First1110,Last1110,UK,2023-05-30
1111,First1111,Last1111,UK,2023-08-08
1112,First1112,Last1112,France,2023-03-06
1113,First1113,Last1113,USA,2023-03-05
1114,First1114,Last1114,UK,2023-04-28
1115,First1115,Last1115,UK,2023-02-28
1116,First1116,Last1116,Germany,2023-02-21
1117,First1117,Last1117,Germany,2023-02-24
1118,First1118,Last1118,Canada,2023-07-10
1119,First1119,Last1119,Germany,2023-09-16
1120,First1120,Last1120,France,2023-12-27
1121,First1121,Last1121,Canada,2023-08-17
1122,First1122,Last1122,USA,2023-12-07
1123,First1123,Last1123,Nigeria,2023-10-27
1124,First1124,Last1124,Nigeria,2023-08-24
1125,First1125,Last1125,UK,2023-04-04
1126,First1126,Last1126,Nigeria,2023-11-27
1127,First1127,Last1127,Nigeria,2023-06-09
1128,First1128,Last1128,Nigeria,2023-03-12
1129,First1129,Last1129,Canada,2023-06-10
1130,First1130,Last1130,USA,2023-08-16
1131,First1131,Last1131,France,2023-05-18
1132,First1132,Last1132,Germany,2023-06-16
1133,First1133,Last1133,Germany,2023-03-20
1134,First1134,Last1134,Nigeria,2023-03-21
1135,First1135,Last1135,Germany,2023-10-08
1136,First1136,Last1136,UK,2023-05-08
1137,First1137,Last1137,USA,2023-08-21
1138,First1138,Last1138,Canada,2023-06-17
1139,First1139,Last1139,Nigeria,2023-05-28
1140,First1140,Last1140,UK,2023-04-16
1141,First1141,Last1141,Canada,2023-11-02
1142,First1142,Last1142,Canada,2023-08-21
1143,First1143,Last1143,UK,2023-11-23
1144,First1144,Last1144,France,2023-03-23
1145,First1145,Last1145,Nigeria,2023-11-15
1146,First1146,Last1146,France,2023-05-25
1147,First1147,Last1147,Germany,2023-08-06
1148,First1148,Last1148,Canada,2023-06-29
1149,First1149,Last1149,France,2023-07-22
1150,First1150,Last1150,USA,2023-07-04
1151,First1151,Last1151,Nigeria,2023-02-12
1152,First1152,Last1152,Canada,2023-02-25
1153,First1153,Last1153,Germany,2023-07-31
1154,First1154,Last1154,USA,2023-02-09
1155,First1155,Last1155,Canada,2023-05-24
1156,First1156,Last1156,Canada,2023-01-23
1157,First1157,Last1157,Canada,2023-09-04
1158,First1158,Last1158,France,2023-02-02
1159,First1159,Last1159,Canada,2023-03-23
1160,First1160,Last1160,USA,2023-02-15
1161,First1161,Last1161,France,2023-06-01
1162,First1162,Last1162,Germany,2023-03-12
1163,First1163,Last1163,France,2023-05-16
1164,First1164,Last1164,Nigeria,2023-05-20
1165,First1165,Last1165,USA,2023-07-07
1166,First1166,Last1166,USA,2023-02-15
1167,First1167,Last1167,Nigeria,2023-01-18
1168,First1168,Last1168,Nigeria,2023-09-29
1169,First1169,Last1169,Nigeria,2023-02-26
1170,First1170,Last1170,Canada,2023-01-25
1171,First1171,Last1171,France,2023-04-05
1172,First1172,Last1172,Canada,2023-11-23
1173,First1173,Last1173,USA,2023-10-18
1174,First1174,Last1174,Nigeria,2023-02-09
1175,First1175,Last1175,UK,2023-06-05
1176,First1176,Last1176,UK,2023-01-10
1177,First1177,Last1177,UK,2023-04-03
1178,First1178,Last1178,France,2023-03-28
1179,First1179,Last1179,Germany,2023-05-20
1180,First1180,Last1180,UK,2023-01-04
1181,First1181,Last1181,Nigeria,2023-04-15
1182,First1182,Last1182,Germany,2023-04-06
1183,First1183,Last1183,Germany,2023-12-21
1184,First1184,Last1184,Germany,2023-07-25
1185,First1185,Last1185,Nigeria,2023-09-24
1186,First1186,Last1186,Nigeria,2023-12-20
1187,First1187,Last1187,Nigeria,2023-12-13
1188,First1188,Last1188,France,2023-05-25
1189,First1189,Last1189,USA,2023-02-21
1190,First1190,Last1190,Nigeria,2023-07-14
1191,First1191,Last1191,Canada,2023-09-24
1192,First1192,Last1192,Canada,2023-09-02
1193,First1193,Last1193,France,2023-06-09
1194,First1194,Last1194,USA,2023-01-08
1195,First1195,Last1195,Nigeria,2023-01-24
1196,First1196,Last1196,France,2023-06-15
1197,First1197,Last1197,Nigeria,2023-07-03
1198,First1198,Last1198,USA,2023-02-19
1199,First1199,Last1199,Canada,2023-11-13
1200,First1200,Last1200,Nigeria,2023-01-14
1201,First1201,Last1201,USA,2023-09-06
1202,First1202,Last1202,USA,2023-12-15
1203,First1203,Last1203,USA,2023-03-14
1204,First1204,Last1204,Germany,2023-08-29
1205,First1205,Last1205,Nigeria,2023-08-03
1206,First1206,Last1206,Germany,2023-03-13
1207,First1207,Last1207,Canada,2023-05-08
1208,First1208,Last1208,USA,2023-08-24
1209,First1209,Last1209,France,2023-12-31
1210,First1210,Last1210,Canada,2023-08-07
1211,First1211,Last1211,Canada,2023-05-27
1212,First1212,Last1212,France,2023-12-26
1213,First1213,Last1213,UK,2023-04-23
1214,First1214,Last1214,USA,2023-05-11
1215,First1215,Last1215,Nigeria,2023-08-12
1216,First1216,Last1216,USA,2023-05-06
1217,First1217,Last1217,USA,2023-01-08
1218,First1218,Last1218,UK,2023-10-16
1219,First1219,Last1219,UK,2023-06-11
1220,First1220,Last1220,France,2023-05-03
1221,First1221,Last1221,Germany,2023-09-10
1222,First1222,Last1222,UK,2023-09-02
1223,First1223,Last1223,UK,2023-04-09
1224,First1224,Last1224,Germany,2023-01-19
1225,First1225,Last1225,Germany,2023-03-22
1226,First1226,Last1226,USA,2023-07-24
1227,First1227,Last1227,UK,2023-07-02
1228,First1228,Last1228,UK,2023-02-28
1229,First1229,Last1229,Canada,2023-07-19
1230,First1230,Last1230,Nigeria,2023-02-11
1231,First1231,Last1231,Canada,2023-11-15
1232,First1232,Last1232,Canada,2023-03-07
1233,First1233,Last1233,Canada,2023-10-13
1234,First1234,Last1234,USA,2023-03-08
1235,First1235,Last1235,Germany,2023-02-01
1236,First1236,Last1236,UK,2023-01-01
1237,First1237,Last1237,Germany,2023-08-26
1238,First1238,Last1238,UK,2023-11-14
1239,First1239,Last1239,Germany,2023-02-11
1240,First1240,Last1240,Nigeria,2023-04-24
1241,First1241,Last1241,Canada,2023-09-15
1242,First1242,Last1242,USA,2023-05-13
1243,First1243,Last1243,France,2023-05-01
1244,First1244,Last1244,USA,2023-02-07
1245,First1245,Last1245,Germany,2023-07-03
1246,First1246,Last1246,Germany,2023-12-18
1247,First1247,Last1247,France,2023-07-30
1248,First1248,Last1248,Nigeria,2023-01-13
1249,First1249,Last1249,France,2023-11-17
1250,First1250,Last1250,UK,2023-07-11
1251,First1251,Last1251,UK,2023-12-02
1252,First1252,Last1252,USA,2023-10-19
1253,First1253,Last1253,UK,2023-11-01
1254,First1254,Last1254,USA,2023-12-23
1255,First1255,Last1255,Germany,2023-01-19
1256,First1256,Last1256,Nigeria,2023-01-27
1257,First1257,Last1257,Nigeria,2023-11-10
1258,First1258,Last1258,UK,2023-09-28
1259,First1259,Last1259,Nigeria,2023-05-11
1260,First1260,Last1260,USA,2023-08-01
1261,First1261,Last1261,USA,2023-04-01
1262,First1262,Last1262,France,2023-04-26
1263,First1263,Last1263,Canada,2023-07-03
1264,First1264,Last1264,USA,2023-03-30
1265,First1265,Last1265,Germany,2023-08-07
1266,First1266,Last1266,USA,2023-10-03
1267,First1267,Last1267,Germany,2023-01-16
1268,First1268,Last1268,Germany,2023-04-13
1269,First1269,Last1269,Nigeria,2023-06-17
1270,First1270,Last1270,Canada,2023-03-26
1271,First1271,Last1271,Germany,2023-11-27
1272,First1272,Last1272,Germany,2023-10-01
1273,First1273,Last1273,France,2023-03-03
1274,First1274,Last1274,Nigeria,2023-07-30
1275,First1275,Last1275,UK,2023-10-30
1276,First1276,Last1276,Canada,2023-04-14
1277,First1277,Last1277,Nigeria,2023-05-02
1278,First1278,Last1278,UK,2023-06-17
1279,First1279,Last1279,Canada,2023-05-12
1280,First1280,Last1280,Canada,2023-10-07
1281,First1281,Last1281,UK,2023-09-29
1282,First1282,Last1282,France,2023-05-13
1283,First1283,Last1283,Canada,2023-02-17
1284,First1284,Last1284,Nigeria,2023-05-11
1285,First1285,Last1285,USA,2023-04-20
1286,First1286,Last1286,Nigeria,2023-09-04
1287,First1287,Last1287,Canada,2023-07-19
1288,First1288,Last1288,France,2023-02-13
1289,First1289,Last1289,Canada,2023-05-20
1290,First1290,Last1290,Canada,2023-12-26
1291,First1291,Last1291,USA,2023-10-19
1292,First1292,Last1292,Germany,2023-08-08
1293,First1293,Last1293,USA,2023-11-01
1294,First1294,Last1294,USA,2023-04-23
1295,First1295,Last1295,UK,2023-05-03
1296,First1296,Last1296,Canada,2023-07-13
1297,First1297,Last1297,Canada,2023-07-09
1298,First1298,Last1298,Canada,2023-03-05
1299,First1299,Last1299,Canada,2023-05-10
1300,First1300,Last1300,USA,2023-07-24
1301,First1301,Last1301,Canada,2023-06-17
1302,First1302,Last1302,USA,2023-12-16
1303,First1303,Last1303,UK,2023-04-14
1304,First1304,Last1304,Nigeria,2023-02-07
1305,First1305,Last1305,France,2023-08-31
1306,First1306,Last1306,France,2023-06-14
1307,First1307,Last1307,UK,2023-03-14
1308,First1308,Last1308,Germany,2023-03-31
1309,First1309,Last1309,Nigeria,2023-10-14
1310,First1310,Last1310,Nigeria,2023-11-13
1311,First1311,Last1311,UK,2023-06-14
1312,First1312,Last1312,Canada,2023-08-17
1313,First1313,Last1313,Canada,2023-06-18
1314,First1314,Last1314,UK,2023-09-19
1315,First1315,Last1315,Germany,2023-03-01
1316,First1316,Last1316,Canada,2023-04-17
1317,First1317,Last1317,UK,2023-12-24
1318,First1318,Last1318,France,2023-11-22
1319,First1319,Last1319,France,2023-07-31
1320,First1320,Last1320,France,2023-04-10
1321,First1321,Last1321,Germany,2023-09-15
1322,First1322,Last1322,Canada,2023-04-03
1323,First1323,Last1323,France,2023-12-02
1324,First1324,Last1324,Canada,2023-05-09
1325,First1325,Last1325,Germany,2023-02-26
1326,First1326,Last1326,Nigeria,2023-08-15
1327,First1327,Last1327,UK,2023-12-22
1328,First1328,Last1328,UK,2023-05-27
1329,First1329,Last1329,France,2023-10-25
1330,First1330,Last1330,Germany,2023-11-02
1331,First1331,Last1331,Canada,2023-09-12
1332,First1332,Last1332,France,2023-02-05
1333,First1333,Last1333,Canada,2023-05-16
1334,First1334,Last1334,Nigeria,2023-01-12
1335,First1335,Last1335,Canada,2023-06-16
1336,First1336,Last1336,USA,2023-02-26
1337,First1337,Last1337,Germany,2023-12-14
1338,First1338,Last1338,France,2023-08-04
1339,First1339,Last1339,Canada,2023-08-24
1340,First1340,Last1340,Canada,2023-04-20
1341,First1341,Last1341,Nigeria,2023-05-04
1342,First1342,Last1342,USA,2023-01-18
1343,First1343,Last1343,UK,2023-10-01
1344,First1344,Last1344,UK,2023-08-16
1345,First1345,Last1345,Germany,2023-10-21
1346,First1346,Last1346,Nigeria,2023-06-30
1347,First1347,Last1347,USA,2023-06-04
1348,First1348,Last1348,France,2023-12-13
1349,First1349,Last1349,Canada,2023-06-19
1350,First1350,Last1350,Germany,2023-07-26
1351,First1351,Last1351,Germany,2023-06-20
1352,First1352,Last1352,UK,2023-03-08
1353,First1353,Last1353,Canada,2023-07-29
1354,First1354,Last1354,Germany,2023-04-23
1355,First1355,Last1355,USA,2023-12-26
1356,First1356,Last1356,Canada,2023-02-15
1357,First1357,Last1357,UK,2023-09-28
1358,First1358,Last1358,USA,2023-06-26
1359,First1359,Last1359,Canada,2023-11-30
1360,First1360,Last1360,Canada,2023-05-26
1361,First1361,Last1361,Canada,2023-02-19
1362,First1362,Last1362,Nigeria,2023-08-17
1363,First1363,Last1363,Canada,2023-01-08
1364,First1364,Last1364,France,2023-12-28
1365,First1365,Last1365,France,2023-01-14
1366,First1366,Last1366,France,2023-01-26
1367,First1367,Last1367,UK,2023-08-12
1368,First1368,Last1368,Germany,2023-01-09
1369,First1369,Last1369,Canada,2023-12-25
1370,First1370,Last1370,USA,2023-07-28
1371,First1371,Last1371,Canada,2023-01-29
1372,First1372,Last1372,Nigeria,2023-12-30
1373,First1373,Last1373,USA,2023-08-26
1374,First1374,Last1374,France,2023-02-12
1375,First1375,Last1375,France,2023-03-18
1376,First1376,Last1376,Nigeria,2023-09-14
1377,First1377,Last1377,France,2023-03-29
1378,First1378,Last1378,Germany,2023-05-05
1379,First1379,Last1379,Canada,2023-12-10
1380,First1380,Last1380,Nigeria,2023-08-18
1381,First1381,Last1381,Nigeria,2023-06-27
1382,First1382,Last1382,France,2023-06-13
1383,First1383,Last1383,Nigeria,2023-03-19
1384,First1384,Last1384,Canada,2023-07-25
1385,First1385,Last1385,France,2023-12-28
1386,First1386,Last1386,UK,2023-11-11
1387,First1387,Last1387,USA,2023-03-10
1388,First1388,Last1388,Nigeria,2023-08-22
1389,First1389,Last1389,Nigeria,2023-09-20
1390,First1390,Last1390,Canada,2023-08-23
1391,First1391,Last1391,Nigeria,2023-08-31
1392,First1392,Last1392,France,2023-08-23
1393,First1393,Last1393,France,2023-12-24
1394,First1394,Last1394,UK,2023-07-13
1395,First1395,Last1395,UK,2023-12-31
1396,First1396,Last1396,France,2023-03-15
1397,First1397,Last1397,UK,2023-01-18
1398,First1398,Last1398,Nigeria,2023-03-22
1399,First1399,Last1399,USA,2023-02-02
1400,First1400,Last1400,France,2023-10-20
1401,First1401,Last1401,Nigeria,2023-10-14
1402,First1402,Last1402,Nigeria,2023-01-16
1403,First1403,Last1403,USA,2023-10-05
1404,First1404,Last1404,France,2023-02-26
1405,First1405,Last1405,UK,2023-09-03
1406,First1406,Last1406,USA,2023-12-06
1407,First1407,Last1407,USA,2023-03-02
1408,First1408,Last1408,Germany,2023-12-17
1409,First1409,Last1409,Nigeria,2023-05-19
1410,First1410,Last1410,Canada,2023-06-10
1411,First1411,Last1411,Canada,2023-09-22
1412,First1412,Last1412,France,2023-03-10
1413,First1413,Last1413,UK,2023-11-19
1414,First1414,Last1414,Germany,2023-06-25
1415,First1415,Last1415,Germany,2023-05-09
1416,First1416,Last1416,Nigeria,2023-10-10
1417,First1417,Last1417,USA,2023-06-10
1418,First1418,Last1418,France,2023-10-09
1419,First1419,Last1419,USA,2023-11-14
1420,First1420,Last1420,UK,2023-09-15
1421,First1421,Last1421,France,2023-02-27
1422,First1422,Last1422,Germany,2023-01-17
1423,First1423,Last1423,USA,2023-12-04
1424,First1424,Last1424,USA,2023-09-13
1425,First1425,Last1425,France,2023-08-18
1426,First1426,Last1426,USA,2023-03-13
1427,First1427,Last1427,Germany,2023-07-03
1428,First1428,Last1428,France,2023-03-24
1429,First1429,Last1429,Canada,2023-05-26
1430,First1430,Last1430,Germany,2023-02-05
1431,First1431,Last1431,France,2023-04-29
1432,First1432,Last1432,France,2023-11-26
1433,First1433,Last1433,USA,2023-09-17
1434,First1434,Last1434,Nigeria,2023-10-22
1435,First1435,Last1435,France,2023-07-24
1436,First1436,Last1436,USA,2023-04-04
1437,First1437,Last1437,France,2023-01-02
1438,First1438,Last1438,Canada,2023-01-04
1439,First1439,Last1439,Germany,2023-01-07
1440,First1440,Last1440,Germany,2023-11-06
1441,First1441,Last1441,UK,2023-06-07
1442,First1442,Last1442,France,2023-02-18
1443,First1443,Last1443,Nigeria,2023-09-30
1444,First1444,Last1444,France,2023-08-18
1445,First1445,Last1445,Canada,2023-08-31
1446,First1446,Last1446,France,2023-01-11
1447,First1447,Last1447,Germany,2023-06-03
1448,First1448,Last1448,Canada,2023-10-26
1449,First1449,Last1449,Germany,2023-07-19
1450,First1450,Last1450,Nigeria,2023-04-01
1451,First1451,Last1451,Germany,2023-10-24
1452,First1452,Last1452,UK,2023-02-18
1453,First1453,Last1453,USA,2023-09-07
1454,First1454,Last1454,Nigeria,2023-10-29
1455,First1455,Last1455,USA,2023-12-24
1456,First1456,Last1456,Germany,2023-11-07
1457,First1457,Last1457,Nigeria,2023-12-31
1458,First1458,Last1458,Germany,2023-03-13
1459,First1459,Last1459,Germany,2023-09-16
1460,First1460,Last1460,Canada,2023-12-04
1461,First1461,Last1461,USA,2023-08-30
1462,First1462,Last1462,Nigeria,2023-10-01
1463,First1463,Last1463,Germany,2023-12-03
1464,First1464,Last1464,Canada,2023-06-22
1465,First1465,Last1465,Nigeria,2023-07-04
1466,First1466,Last1466,Canada,2023-03-23
1467,First1467,Last1467,Germany,2023-04-30
1468,First1468,Last1468,Germany,2023-07-22
1469,First1469,Last1469,UK,2023-09-10
1470,First1470,Last1470,USA,2023-04-25
1471,First1471,Last1471,France,2023-04-19
1472,First1472,Last1472,UK,2023-04-30
1473,First1473,Last1473,Germany,2023-07-30
1474,First1474,Last1474,Nigeria,2023-11-03
1475,First1475,Last1475,Germany,2023-05-17
1476,First1476,Last1476,Germany,2023-12-29
1477,First1477,Last1477,UK,2023-03-28
1478,First1478,Last1478,Canada,2023-09-10
1479,First1479,Last1479,Canada,2023-03-26
1480,First1480,Last1480,UK,2023-05-29
1481,First1481,Last1481,UK,2023-03-11
1482,First1482,Last1482,UK,2023-09-01
1483,First1483,Last1483,Germany,2023-10-02
1484,First1484,Last1484,UK,2023-01-25
1485,First1485,Last1485,France,2023-03-14
1486,First1486,Last1486,Canada,2023-11-10
1487,First1487,Last1487,Nigeria,2023-05-14
1488,First1488,Last1488,UK,2023-10-04
1489,First1489,Last1489,Germany,2023-11-17
1490,First1490,Last1490,Germany,2023-10-12
1491,First1491,Last1491,France,2023-02-26
1492,First1492,Last1492,France,2023-01-09
1493,First1493,Last1493,Canada,2023-10-13
1494,First1494,Last1494,UK,2023-03-24
1495,First1495,Last1495,USA,2023-09-06
1496,First1496,Last1496,Nigeria,2023-02-05
1497,First1497,Last1497,USA,2023-03-03
1498,First1498,Last1498,France,2023-09-01
1499,First1499,Last1499,UK,2023-02-07
1500,First1500,Last1500,Germany,2023-04-21
1501,First1501,Last1501,Nigeria,2023-07-17
1502,First1502,Last1502,Nigeria,2023-11-11
1503,First1503,Last1503,Nigeria,2023-03-10
1504,First1504,Last1504,UK,2023-02-23
1505,First1505,Last1505,USA,2023-05-24
1506,First1506,Last1506,UK,2023-02-01
1507,First1507,Last1507,Nigeria,2023-02-23
1508,First1508,Last1508,Nigeria,2023-11-02
1509,First1509,Last1509,France,2023-09-29
1510,First1510,Last1510,Nigeria,2023-07-21
1511,First1511,Last1511,Canada,2023-12-03
1512,First1512,Last1512,USA,2023-03-27
1513,First1513,Last1513,UK,2023-10-15
1514,First1514,Last1514,Germany,2023-12-18
1515,First1515,Last1515,Germany,2023-02-02
1516,First1516,Last1516,USA,2023-10-15
1517,First1517,Last1517,Nigeria,2023-10-12
1518,First1518,Last1518,France,2023-10-03
1519,First1519,Last1519,UK,2023-12-01
1520,First1520,Last1520,France,2023-05-01
1521,First1521,Last1521,Nigeria,2023-10-14
1522,First1522,Last1522,USA,2023-03-27
1523,First1523,Last1523,UK,2023-06-17
1524,First1524,Last1524,Canada,2023-12-16
1525,First1525,Last1525,Germany,2023-05-13
1526,First1526,Last1526,Nigeria,2023-02-07
1527,First1527,Last1527,France,2023-04-07
1528,First1528,Last1528,Canada,2024-01-01
1529,First1529,Last1529,Germany,2023-03-30
1530,First1530,Last1530,Canada,2023-03-18
1531,First1531,Last1531,UK,2023-07-11
1532,First1532,Last1532,USA,2023-12-15
1533,First1533,Last1533,USA,2023-06-25
1534,First1534,Last1534,Germany,2023-10-13
1535,First1535,Last1535,Germany,2023-02-06
1536,First1536,Last1536,USA,2023-11-11
1537,First1537,Last1537,USA,2023-05-12
1538,First1538,Last1538,Nigeria,2023-08-05
1539,First1539,Last1539,USA,2023-09-27
1540,First1540,Last1540,UK,2023-12-19
1541,First1541,Last1541,Canada,2023-06-03
1542,First1542,Last1542,Nigeria,2023-05-24
1543,First1543,Last1543,Canada,2023-07-30
1544,First1544,Last1544,Nigeria,2023-02-16
1545,First1545,Last1545,Nigeria,2023-02-20
1546,First1546,Last1546,Germany,2023-03-30
1547,First1547,Last1547,Nigeria,2023-05-27
1548,First1548,Last1548,USA,2023-05-22
1549,First1549,Last1549,Nigeria,2023-06-17
1550,First1550,Last1550,France,2023-01-03
1551,First1551,Last1551,Germany,2023-10-20
1552,First1552,Last1552,Canada,2023-12-30
1553,First1553,Last1553,USA,2023-03-08
1554,First1554,Last1554,Canada,2023-06-14
1555,First1555,Last1555,France,2023-06-24
1556,First1556,Last1556,Canada,2023-03-31
1557,First1557,Last1557,Nigeria,2023-04-10
1558,First1558,Last1558,USA,2023-12-18
1559,First1559,Last1559,UK,2023-11-05
1560,First1560,Last1560,Germany,2023-07-29
1561,First1561,Last1561,Germany,2023-11-17
1562,First1562,Last1562,UK,2023-01-29
1563,First1563,Last1563,France,2023-12-14
1564,First1564,Last1564,UK,2023-10-29
1565,First1565,Last1565,Canada,2023-07-05
1566,First1566,Last1566,UK,2023-11-09
1567,First1567,Last1567,France,2023-01-14
1568,First1568,Last1568,Nigeria,2023-04-18
1569,First1569,Last1569,Nigeria,2023-08-25
1570,First1570,Last1570,Canada,2023-03-29
1571,First1571,Last1571,Nigeria,2023-12-02
1572,First1572,Last1572,Canada,2023-01-31
1573,First1573,Last1573,UK,2023-01-25
1574,First1574,Last1574,Nigeria,2023-07-14
1575,First1575,Last1575,USA,2023-05-19
1576,First1576,Last1576,Canada,2023-06-20
1577,First1577,Last1577,Canada,2023-03-30
1578,First1578,Last1578,UK,2023-07-18
1579,First1579,Last1579,Germany,2023-12-15
1580,First1580,Last1580,Canada,2023-06-16
1581,First1581,Last1581,USA,2023-12-17
1582,First1582,Last1582,Canada,2023-03-08
1583,First1583,Last1583,France,2023-09-26
1584,First1584,Last1584,Germany,2023-09-17
1585,First1585,Last1585,Nigeria,2023-10-01
1586,First1586,Last1586,France,2023-05-19
1587,First1587,Last1587,France,2023-12-11
1588,First1588,Last1588,France,2023-02-23
1589,First1589,Last1589,France,2023-01-02
1590,First1590,Last1590,Nigeria,2023-04-25
1591,First1591,Last1591,USA,2023-05-16
1592,First1592,Last1592,UK,2023-02-25
1593,First1593,Last1593,Nigeria,2023-03-28
1594,First1594,Last1594,France,2023-03-11
1595,First1595,Last1595,France,2023-03-04
1596,First1596,Last1596,France,2023-10-22
1597,First1597,Last1597,France,2023-07-08
1598,First1598,Last1598,Germany,2023-07-17
1599,First1599,Last1599,Canada,2023-09-07
1600,First1600,Last1600,USA,2023-12-05
1601,First1601,Last1601,France,2023-12-22
1602,First1602,Last1602,France,2023-03-27
1603,First1603,Last1603,UK,2023-05-06
1604,First1604,Last1604,Germany,2023-10-12
1605,First1605,Last1605,USA,2023-07-15
1606,First1606,Last1606,Nigeria,2023-04-17
1607,First1607,Last1607,Nigeria,2023-01-26
1608,First1608,Last1608,France,2023-01-09
1609,First1609,Last1609,Canada,2023-05-22
1610,First1610,Last1610,Nigeria,2023-06-06
1611,First1611,Last1611,USA,2023-07-19
1612,First1612,Last1612,France,2023-09-24
1613,First1613,Last1613,Germany,2023-12-16
1614,First1614,Last1614,Nigeria,2023-06-28
1615,First1615,Last1615,France,2023-11-27
1616,First1616,Last1616,Nigeria,2023-02-02
1617,First1617,Last1617,Canada,2023-03-27
1618,First1618,Last1618,Germany,2023-10-27
1619,First1619,Last1619,UK,2023-01-17
1620,First1620,Last1620,Canada,2023-05-18
1621,First1621,Last1621,Germany,2023-09-24
1622,First1622,Last1622,USA,2023-08-08
1623,First1623,Last1623,France,2023-11-14
1624,First1624,Last1624,Nigeria,2023-08-24
1625,First1625,Last1625,Canada,2023-12-14
1626,First1626,Last1626,France,2023-03-16
1627,First1627,Last1627,UK,2023-10-03
1628,First1628,Last1628,France,2023-11-29
1629,First1629,Last1629,France,2023-01-08
1630,First1630,Last1630,USA,2023-01-22
1631,First1631,Last1631,USA,2023-05-13
1632,First1632,Last1632,UK,2023-04-21
1633,First1633,Last1633,France,2023-09-02
1634,First1634,Last1634,UK,2023-05-10
1635,First1635,Last1635,Canada,2023-09-18
1636,First1636,Last1636,Nigeria,2023-07-20
1637,First1637,Last1637,Nigeria,2023-03-04
1638,First1638,Last1638,Canada,2023-11-04
1639,First1639,Last1639,UK,2023-11-02
1640,First1640,Last1640,Nigeria,2023-03-29
1641,First1641,Last1641,USA,2023-02-20
1642,First1642,Last1642,Germany,2023-03-19
1643,First1643,Last1643,Nigeria,2023-08-23
1644,First1644,Last1644,USA,2023-03-07
1645,First1645,Last1645,France,2023-01-30
1646,First1646,Last1646,Germany,2023-04-21
1647,First1647,Last1647,UK,2023-09-27
1648,First1648,Last1648,UK,2023-11-12
1649,First1649,Last1649,USA,2023-08-04
1650,First1650,Last1650,USA,2023-01-06
1651,First1651,Last1651,France,2023-05-23
1652,First1652,Last1652,Canada,2023-04-11
1653,First1653,Last1653,USA,2023-05-25
1654,First1654,Last1654,Nigeria,2023-11-11
1655,First1655,Last1655,Nigeria,2023-04-23
1656,First1656,Last1656,Germany,2023-05-25
1657,First1657,Last1657,USA,2023-04-15
1658,First1658,Last1658,Nigeria,2023-11-30
1659,First1659,Last1659,UK,2023-12-24
1660,First1660,Last1660,Canada,2023-01-29
1661,First1661,Last1661,UK,2023-12-22
1662,First1662,Last1662,USA,2023-10-27
1663,First1663,Last1663,USA,2023-10-26
1664,First1664,Last1664,Canada,2023-07-16
1665,First1665,Last1665,USA,2023-06-23
1666,First1666,Last1666,France,2023-06-27
1667,First1667,Last1667,Canada,2023-10-10
1668,First1668,Last1668,Canada,2023-05-12
1669,First1669,Last1669,France,2023-03-01
1670,First1670,Last1670,UK,2023-06-03
1671,First1671,Last1671,Germany,2023-08-21
1672,First1672,Last1672,France,2023-09-03
1673,First1673,Last1673,Nigeria,2023-10-21
1674,First1674,Last1674,UK,2023-11-11
1675,First1675,Last1675,USA,2023-07-17
1676,First1676,Last1676,Nigeria,2023-07-09
1677,First1677,Last1677,Nigeria,2023-06-19
1678,First1678,Last1678,Nigeria,2023-06-29
1679,First1679,Last1679,France,2023-06-14
1680,First1680,Last1680,Nigeria,2023-10-07
1681,First1681,Last1681,Nigeria,2023-04-24
1682,First1682,Last1682,USA,2023-12-27
1683,First1683,Last1683,France,2023-01-14
1684,First1684,Last1684,France,2023-12-14
1685,First1685,Last1685,UK,2023-02-14
1686,First1686,Last1686,UK,2023-11-02
1687,First1687,Last1687,France,2023-12-21
1688,First1688,Last1688,Germany,2023-12-18
1689,First1689,Last1689,Nigeria,2023-08-04
1690,First1690,Last1690,UK,2023-11-17
1691,First1691,Last1691,UK,2023-06-05
1692,First1692,Last1692,Germany,2023-08-05
1693,First1693,Last1693,USA,2023-04-04
1694,First1694,Last1694,USA,2023-11-22
1695,First1695,Last1695,Germany,2023-07-14
1696,First1696,Last1696,UK,2023-07-18
1697,First1697,Last1697,UK,2023-10-29
1698,First1698,Last1698,Nigeria,2023-01-13
1699,First1699,Last1699,USA,2023-07-06
1700,First1700,Last1700,Canada,2023-03-21
1701,First1701,Last1701,France,2023-09-22
1702,First1702,Last1702,Canada,2023-10-26
1703,First1703,Last1703,Germany,2023-05-15
1704,First1704,Last1704,Canada,2023-02-03
1705,First1705,Last1705,USA,2023-12-13
1706,First1706,Last1706,UK,2023-03-18
1707,First1707,Last1707,USA,2023-06-01
1708,First1708,Last1708,USA,2023-08-27
1709,First1709,Last1709,Nigeria,2023-11-28
1710,First1710,Last1710,USA,2023-03-18
1711,First1711,Last1711,Germany,2023-11-24
1712,First1712,Last1712,UK,2023-10-30
1713,First1713,Last1713,Nigeria,2023-08-17
1714,First1714,Last1714,Canada,2023-01-29
1715,First1715,Last1715,UK,2023-12-16
1716,First1716,Last1716,France,2023-01-06
1717,First1717,Last1717,Nigeria,2023-04-26
1718,First1718,Last1718,Canada,2023-04-05
1719,First1719,Last1719,Canada,2023-10-16
1720,First1720,Last1720,USA,2023-01-07
1721,First1721,Last1721,USA,2023-08-03
1722,First1722,Last1722,Germany,2023-02-05
1723,First1723,Last1723,Nigeria,2023-04-18
1724,First1724,Last1724,USA,2023-08-06
1725,First1725,Last1725,Canada,2023-10-11
1726,First1726,Last1726,UK,2023-03-04
1727,First1727,Last1727,Canada,2023-09-01
1728,First1728,Last1728,Germany,2023-08-16
1729,First1729,Last1729,USA,2023-12-31
1730,First1730,Last1730,Germany,2023-01-26
1731,First1731,Last1731,Nigeria,2023-02-12
1732,First1732,Last1732,Canada,2023-02-17
1733,First1733,Last1733,Germany,2023-04-20
1734,First1734,Last1734,UK,2023-09-03
1735,First1735,Last1735,France,2023-06-27
1736,First1736,Last1736,Canada,2023-08-23
1737,First1737,Last1737,Germany,2023-06-20
1738,First1738,Last1738,Canada,2023-05-08
1739,First1739,Last1739,Canada,2023-07-24
1740,First1740,Last1740,Nigeria,2023-03-16
1741,First1741,Last1741,UK,2023-08-16
1742,First1742,Last1742,USA,2023-03-21
1743,First1743,Last1743,UK,2023-03-15
1744,First1744,Last1744,USA,2023-05-12
1745,First1745,Last1745,Germany,2023-05-31
1746,First1746,Last1746,France,2023-05-12
1747,First1747,Last1747,France,2023-04-09
1748,First1748,Last1748,Germany,2023-10-04
1749,First1749,Last1749,USA,2023-09-28
1750,First1750,Last1750,France,2023-08-10
1751,First1751,Last1751,Germany,2023-01-18
1752,First1752,Last1752,Canada,2023-07-23
1753,First1753,Last1753,Nigeria,2023-03-20
1754,First1754,Last1754,France,2023-04-22
1755,First1755,Last1755,Canada,2023-10-25
1756,First1756,Last1756,France,2023-08-09
1757,First1757,Last1757,France,2023-12-06
1758,First1758,Last1758,Germany,2023-10-11
1759,First1759,Last1759,Nigeria,2023-05-17
1760,First1760,Last1760,USA,2023-04-28
1761,First1761,Last1761,UK,2023-07-28
1762,First1762,Last1762,Canada,2023-10-24
1763,First1763,Last1763,France,2023-07-15
1764,First1764,Last1764,Canada,2023-07-04
1765,First1765,Last1765,Germany,2023-07-01
1766,First1766,Last1766,France,2023-04-06
1767,First1767,Last1767,Canada,2023-05-16
1768,First1768,Last1768,USA,2023-04-14
1769,First1769,Last1769,UK,2023-04-17
1770,First1770,Last1770,Canada,2023-04-30
1771,First1771,Last1771,Canada,2023-04-04
1772,First1772,Last1772,Germany,2023-08-08
1773,First1773,Last1773,Nigeria,2023-01-04
1774,First1774,Last1774,Nigeria,2023-10-20
1775,First1775,Last1775,UK,2023-02-07
1776,First1776,Last1776,France,2023-01-02
1777,First1777,Last1777,UK,2023-07-13
1778,First1778,Last1778,UK,2023-03-24
1779,First1779,Last1779,Germany,2023-04-13
1780,First1780,Last1780,France,2023-01-15
1781,First1781,Last1781,Canada,2023-09-06
1782,First1782,Last1782,France,2023-05-22
1783,First1783,Last1783,Germany,2023-04-16
1784,First1784,Last1784,Nigeria,2023-07-09
1785,First1785,Last1785,USA,2023-05-16
1786,First1786,Last1786,USA,2023-01-19
1787,First1787,Last1787,Nigeria,2023-12-21
1788,First1788,Last1788,UK,2023-02-13
1789,First1789,Last1789,France,2023-01-05
1790,First1790,Last1790,USA,2023-04-06
1791,First1791,Last1791,Nigeria,2023-09-23
1792,First1792,Last1792,UK,2023-07-01
1793,First1793,Last1793,UK,2023-10-04
1794,First1794,Last1794,USA,2023-08-17
1795,First1795,Last1795,Canada,2023-01-27
1796,First1796,Last1796,Germany,2023-04-27
1797,First1797,Last1797,UK,2023-08-23
1798,First1798,Last1798,Nigeria,2023-02-15
1799,First1799,Last1799,USA,2023-11-21
1800,First1800,Last1800,Germany,2023-01-24
1801,First1801,Last1801,Canada,2023-08-19
1802,First1802,Last1802,Canada,2023-06-26
1803,First1803,Last1803,Nigeria,2023-11-19
1804,First1804,Last1804,Nigeria,2023-01-18
1805,First1805,Last1805,Germany,2023-05-18
1806,First1806,Last1806,UK,2023-08-10
1807,First1807,Last1807,UK,2023-06-28
1808,First1808,Last1808,USA,2023-11-14
1809,First1809,Last1809,Canada,2023-01-11
1810,First1810,Last1810,UK,2023-06-25
1811,First1811,Last1811,Germany,2023-03-23
1812,First1812,Last1812,Nigeria,2023-04-25
1813,First1813,Last1813,UK,2023-04-22
1814,First1814,Last1814,UK,2023-07-08
1815,First1815,Last1815,Germany,2023-01-25
1816,First1816,Last1816,USA,2023-12-16
1817,First1817,Last1817,UK,2023-01-10
1818,First1818,Last1818,Germany,2023-11-05
1819,First1819,Last1819,Canada,2023-12-24
1820,First1820,Last1820,Germany,2023-10-26
1821,First1821,Last1821,France,2023-09-12
1822,First1822,Last1822,Germany,2023-03-01
1823,First1823,Last1823,Germany,2023-08-13
1824,First1824,Last1824,USA,2023-01-25
1825,First1825,Last1825,Germany,2023-09-10
1826,First1826,Last1826,USA,2023-01-02
1827,First1827,Last1827,Nigeria,2023-04-07
1828,First1828,Last1828,Canada,2023-03-11
1829,First1829,Last1829,USA,2023-08-21
1830,First1830,Last1830,USA,2023-11-20
1831,First1831,Last1831,Germany,2023-09-13
1832,First1832,Last1832,France,2023-03-06
1833,First1833,Last1833,Nigeria,2023-12-08
1834,First1834,Last1834,Nigeria,2023-06-06
1835,First1835,Last1835,France,2023-01-10
1836,First1836,Last1836,Nigeria,2023-04-25
1837,First1837,Last1837,USA,2023-11-11
1838,First1838,Last1838,USA,2023-03-26
1839,First1839,Last1839,Canada,2023-05-06
1840,First1840,Last1840,Nigeria,2023-05-18
1841,First1841,Last1841,Nigeria,2023-02-11
1842,First1842,Last1842,Germany,2023-12-13
1843,First1843,Last1843,France,2023-03-26
1844,First1844,Last1844,UK,2023-10-08
1845,First1845,Last1845,Germany,2023-04-12
1846,First1846,Last1846,France,2023-09-13
1847,First1847,Last1847,Nigeria,2023-06-23
1848,First1848,Last1848,UK,2023-08-22
1849,First1849,Last1849,UK,2023-09-24
1850,First1850,Last1850,USA,2023-06-30
1851,First1851,Last1851,UK,2023-02-01
1852,First1852,Last1852,France,2023-06-29
1853,First1853,Last1853,Germany,2023-06-09
1854,First1854,Last1854,France,2023-05-06
1855,First1855,Last1855,Canada,2023-10-08
1856,First1856,Last1856,Germany,2023-06-06
1857,First1857,Last1857,Germany,2023-04-04
1858,First1858,Last1858,France,2023-05-19
1859,First1859,Last1859,Canada,2023-07-20
1860,First1860,Last1860,Germany,2023-12-03
1861,First1861,Last1861,Canada,2023-04-02
1862,First1862,Last1862,Canada,2023-10-16
1863,First1863,Last1863,Nigeria,2023-11-30
1864,First1864,Last1864,UK,2023-08-19
1865,First1865,Last1865,Canada,2023-05-02
1866,First1866,Last1866,USA,2023-12-07
1867,First1867,Last1867,UK,2023-10-26
1868,First1868,Last1868,Nigeria,2023-09-21
1869,First1869,Last1869,Germany,2023-07-18
1870,First1870,Last1870,Nigeria,2023-04-08
1871,First1871,Last1871,USA,2023-04-23
1872,First1872,Last1872,USA,2023-02-05
1873,First1873,Last1873,Canada,2023-09-17
1874,First1874,Last1874,Nigeria,2023-07-24
1875,First1875,Last1875,USA,2023-09-18
1876,First1876,Last1876,France,2023-07-19
1877,First1877,Last1877,USA,2023-11-24
1878,First1878,Last1878,Nigeria,2023-10-27
1879,First1879,Last1879,France,2023-11-07
1880,First1880,Last1880,USA,2023-12-08
1881,First1881,Last1881,USA,2023-06-24
1882,First1882,Last1882,Canada,2023-04-05
1883,First1883,Last1883,Nigeria,2023-11-19
1884,First1884,Last1884,Germany,2023-06-06
1885,First1885,Last1885,UK,2023-10-21
1886,First1886,Last1886,France,2023-03-12
1887,First1887,Last1887,Germany,2023-01-11
1888,First1888,Last1888,Nigeria,2023-08-11
1889,First1889,Last1889,UK,2023-06-29
1890,First1890,Last1890,Nigeria,2023-06-13
1891,First1891,Last1891,Canada,2023-08-14
1892,First1892,Last1892,USA,2023-08-08
1893,First1893,Last1893,France,2023-11-15
1894,First1894,Last1894,UK,2023-09-05
1895,First1895,Last1895,UK,2023-11-22
1896,First1896,Last1896,Nigeria,2023-09-19
1897,First1897,Last1897,USA,2023-10-08
1898,First1898,Last1898,Canada,2023-10-04
1899,First1899,Last1899,France,2023-03-04
1900,First1900,Last1900,Germany,2023-07-16
1901,First1901,Last1901,USA,2023-02-05
1902,First1902,Last1902,USA,2023-03-10
1903,First1903,Last1903,Canada,2023-01-14
1904,First1904,Last1904,USA,2023-12-09
1905,First1905,Last1905,Germany,2023-12-25
1906,First1906,Last1906,Canada,2023-09-30
1907,First1907,Last1907,Nigeria,2023-03-05
1908,First1908,Last1908,USA,2023-04-22
1909,First1909,Last1909,Nigeria,2023-03-28
1910,First1910,Last1910,Canada,2023-07-13
1911,First1911,Last1911,UK,2023-08-05
1912,First1912,Last1912,USA,2023-07-11
1913,First1913,Last1913,USA,2023-01-08
1914,First1914,Last1914,France,2023-12-04
1915,First1915,Last1915,Germany,2023-01-12
1916,First1916,Last1916,Nigeria,2023-02-05
1917,First1917,Last1917,Canada,2023-02-10
1918,First1918,Last1918,Canada,2023-03-06
1919,First1919,Last1919,Germany,2023-04-14
1920,First1920,Last1920,Nigeria,2023-03-23
1921,First1921,Last1921,Nigeria,2023-12-04
1922,First1922,Last1922,UK,2023-07-25
1923,First1923,Last1923,USA,2023-07-27
1924,First1924,Last1924,France,2023-06-06
1925,First1925,Last1925,Canada,2023-08-08
1926,First1926,Last1926,UK,2023-12-11
1927,First1927,Last1927,USA,2023-09-09
1928,First1928,Last1928,UK,2023-08-28
1929,First1929,Last1929,USA,2023-01-31
1930,First1930,Last1930,France,2023-02-06
1931,First1931,Last1931,USA,2023-05-08
1932,First1932,Last1932,Canada,2023-10-11
1933,First1933,Last1933,Germany,2023-08-30
1934,First1934,Last1934,USA,2023-04-07
1935,First1935,Last1935,Canada,2023-07-18
1936,First1936,Last1936,Nigeria,2023-06-09
1937,First1937,Last1937,USA,2023-01-02
1938,First1938,Last1938,Germany,2023-10-25
1939,First1939,Last1939,Germany,2023-03-30
1940,First1940,Last1940,USA,2023-05-17
1941,First1941,Last1941,France,2023-12-19
1942,First1942,Last1942,UK,2023-06-03
1943,First1943,Last1943,Nigeria,2023-08-31
1944,First1944,Last1944,Germany,2023-11-05
1945,First1945,Last1945,UK,2023-08-15
1946,First1946,Last1946,France,2023-05-27
1947,First1947,Last1947,UK,2023-01-02
1948,First1948,Last1948,USA,2023-07-31
1949,First1949,Last1949,Nigeria,2023-11-02
1950,First1950,Last1950,France,2023-02-10
1951,First1951,Last1951,UK,2023-06-29
1952,First1952,Last1952,USA,2023-11-30
1953,First1953,Last1953,USA,2023-07-23
1954,First1954,Last1954,UK,2023-05-31
1955,First1955,Last1955,France,2023-12-16
1956,First1956,Last1956,Nigeria,2023-07-09
1957,First1957,Last1957,Canada,2023-07-11
1958,First1958,Last1958,Germany,2023-08-02
1959,First1959,Last1959,UK,2023-10-10
1960,First1960,Last1960,Nigeria,2023-06-04
1961,First1961,Last1961,Nigeria,2023-07-21
1962,First1962,Last1962,Canada,2023-11-18
1963,First1963,Last1963,USA,2023-08-17
1964,First1964,Last1964,Canada,2023-05-07
1965,First1965,Last1965,Germany,2023-07-15
1966,First1966,Last1966,France,2023-04-28
1967,First1967,Last1967,Nigeria,2023-02-03
1968,First1968,Last1968,UK,2023-09-13
1969,First1969,Last1969,Nigeria,2023-02-23
1970,First1970,Last1970,Germany,2023-08-28
1971,First1971,Last1971,Nigeria,2023-10-28
1972,First1972,Last1972,UK,2023-01-05
1973,First1973,Last1973,Canada,2023-04-09
1974,First1974,Last1974,Canada,2023-07-11
1975,First1975,Last1975,Nigeria,2023-07-24
1976,First1976,Last1976,Nigeria,2023-01-31
1977,First1977,Last1977,France,2023-08-16
1978,First1978,Last1978,Nigeria,2023-07-19
1979,First1979,Last1979,Germany,2023-03-14
1980,First1980,Last1980,Germany,2023-03-22
1981,First1981,Last1981,Nigeria,2023-10-24
1982,First1982,Last1982,UK,2023-11-17
1983,First1983,Last1983,UK,2023-12-30
1984,First1984,Last1984,France,2023-08-13
1985,First1985,Last1985,Nigeria,2023-01-29
1986,First1986,Last1986,UK,2023-03-29
1987,First1987,Last1987,France,2023-02-08
1988,First1988,Last1988,Nigeria,2023-01-03
1989,First1989,Last1989,UK,2023-05-07
1990,First1990,Last1990,France,2023-01-22
1991,First1991,Last1991,France,2023-06-05
1992,First1992,Last1992,Germany,2023-09-17
1993,First1993,Last1993,USA,2023-04-17
1994,First1994,Last1994,Germany,2023-05-29
1995,First1995,Last1995,Germany,2023-03-11
1996,First1996,Last1996,USA,2023-04-19
1997,First1997,Last1997,Canada,2023-11-15
1998,First1998,Last1998,Nigeria,2023-04-02
1999,First1999,Last1999,UK,2023-02-25
2000,First2000,Last2000,France,2023-11-30
